{"type": "FeatureCollection", "metadata": {"window_start": "2026-04-19", "window_end": "2026-05-19", "n_total_in_window": 165, "n_unmatched": 280, "source": "Reddit search across multiple queries"}, "features": [{"type": "Feature", "geometry": {"type": "Polygon", "coordinates": [[[-92.03249356938906, 45.049582], [-92.0558125805805, 45.21685300144319], [-92.12487347763214, 45.37769587210758], [-92.23702228900011, 45.52592951067525], [-92.38794919875731, 45.65585738154643], [-92.57185417040256, 45.76248642950794], [-92.78166983901062, 45.841718960044865], [-93.00933310610287, 45.89051011144279], [-93.246095, 45.90698486711589], [-93.48285689389712, 45.89051011144279], [-93.71052016098938, 45.841718960044865], [-93.92033582959743, 45.76248642950794], [-94.10424080124268, 45.65585738154643], [-94.25516771099988, 45.52592951067525], [-94.36731652236786, 45.37769587210758], [-94.4363774194195, 45.21685300144319], [-94.45969643061093, 45.049582], [-94.4363774194195, 44.88231099855681], [-94.36731652236786, 44.72146812789242], [-94.25516771099988, 44.573234489324754], [-94.10424080124268, 44.44330661845357], [-93.92033582959743, 44.336677570492064], [-93.71052016098938, 44.25744503995514], [-93.48285689389712, 44.208653888557215], [-93.246095, 44.192179132884114], [-93.00933310610287, 44.208653888557215], [-92.78166983901062, 44.25744503995514], [-92.57185417040256, 44.336677570492064], [-92.38794919875731, 44.44330661845357], [-92.23702228900011, 44.573234489324754], [-92.12487347763214, 44.72146812789242], [-92.0558125805805, 44.88231099855681], [-92.03249356938906, 45.049582]]]}, "properties": {"tier": "1", "tier_color": "#7a0019", "n_arrests": 35, "county": "Minneapolis", "state": "Minnesota", "label": "1: 35 Reddit posts", "examples": [{"title": "ICE agent charged with shooting man through door in Minneapolis", "subreddit": "whowatchesthewatchmen", "permalink": "https://reddit.com/r/whowatchesthewatchmen/comments/1thqoji/ice_agent_charged_with_shooting_man_through_door/", "score": 2, "date": "2026-05-19"}, {"title": "no coincidence", "subreddit": "conspiracy", "permalink": "https://reddit.com/r/conspiracy/comments/1thpxs0/no_coincidence/", "score": 3, "date": "2026-05-19"}, {"title": "Minnesota county charges ICE officer in shooting during immigration crackdown", "subreddit": "Defeat_Project_2025", "permalink": "https://reddit.com/r/Defeat_Project_2025/comments/1thm3xm/minnesota_county_charges_ice_officer_in_shooting/", "score": 90, "date": "2026-05-19"}], "kind": "ring"}}, {"type": "Feature", "geometry": {"type": "Point", "coordinates": [-93.246095, 45.049582]}, "properties": {"tier": "1", "tier_color": "#7a0019", "n_arrests": 35, "county": "Minneapolis", "state": "Minnesota", "label": "1: 35 Reddit posts", "examples": [{"title": "ICE agent charged with shooting man through door in Minneapolis", "subreddit": "whowatchesthewatchmen", "permalink": "https://reddit.com/r/whowatchesthewatchmen/comments/1thqoji/ice_agent_charged_with_shooting_man_through_door/", "score": 2, "date": "2026-05-19"}, {"title": "no coincidence", "subreddit": "conspiracy", "permalink": "https://reddit.com/r/conspiracy/comments/1thpxs0/no_coincidence/", "score": 3, "date": "2026-05-19"}, {"title": "Minnesota county charges ICE officer in shooting during immigration crackdown", "subreddit": "Defeat_Project_2025", "permalink": "https://reddit.com/r/Defeat_Project_2025/comments/1thm3xm/minnesota_county_charges_ice_officer_in_shooting/", "score": 90, "date": "2026-05-19"}], "kind": "marker"}}, {"type": "Feature", "geometry": {"type": "Polygon", "coordinates": [[[-73.14117462398546, 40.74838], [-73.15761340026711, 40.8748249918204], [-73.20629799615848, 40.99641077351631], [-73.28535748994214, 41.10846487168325], [-73.39175366960905, 41.20668111016933], [-73.52139778964226, 41.28728509400982], [-73.66930769921417, 41.34717925730897], [-73.82979930344875, 41.38406190096023], [-73.996705, 41.39651564565211], [-74.16361069655126, 41.38406190096023], [-74.32410230078584, 41.34717925730897], [-74.47201221035775, 41.28728509400982], [-74.60165633039097, 41.20668111016933], [-74.70805251005787, 41.10846487168325], [-74.78711200384153, 40.99641077351631], [-74.8357965997329, 40.8748249918204], [-74.85223537601455, 40.74838], [-74.8357965997329, 40.6219350081796], [-74.78711200384153, 40.500349226483685], [-74.70805251005787, 40.38829512831674], [-74.60165633039097, 40.29007888983067], [-74.47201221035775, 40.20947490599018], [-74.32410230078584, 40.14958074269102], [-74.16361069655126, 40.11269809903976], [-73.996705, 40.100244354347886], [-73.82979930344875, 40.11269809903976], [-73.66930769921417, 40.14958074269102], [-73.52139778964226, 40.20947490599018], [-73.39175366960905, 40.29007888983067], [-73.28535748994214, 40.38829512831674], [-73.20629799615848, 40.500349226483685], [-73.15761340026711, 40.6219350081796], [-73.14117462398546, 40.74838]]]}, "properties": {"tier": "1", "tier_color": "#7a0019", "n_arrests": 20, "county": "New York", "state": "New York", "label": "1: 20 Reddit posts", "examples": [{"title": "Judge blocks ICE arrests in immigration courts after agency falsely said agents could", "subreddit": "nyc", "permalink": "https://reddit.com/r/nyc/comments/1thoz2c/judge_blocks_ice_arrests_in_immigration_courts/", "score": 47, "date": "2026-05-19"}, {"title": "New York federal judge bans ICE arrests at Manhattan immigration courts", "subreddit": "TheColorIsBlue", "permalink": "https://reddit.com/r/TheColorIsBlue/comments/1thni6a/new_york_federal_judge_bans_ice_arrests_at/", "score": 1, "date": "2026-05-19"}, {"title": "[US] - New York federal judge bans ICE arrests at Manhattan immigration courts | Guardian", "subreddit": "AutoNewspaper", "permalink": "https://reddit.com/r/AutoNewspaper/comments/1thn5r0/us_new_york_federal_judge_bans_ice_arrests_at/", "score": 1, "date": "2026-05-19"}], "kind": "ring"}}, {"type": "Feature", "geometry": {"type": "Point", "coordinates": [-73.996705, 40.74838]}, "properties": {"tier": "1", "tier_color": "#7a0019", "n_arrests": 20, "county": "New York", "state": "New York", "label": "1: 20 Reddit posts", "examples": [{"title": "Judge blocks ICE arrests in immigration courts after agency falsely said agents could", "subreddit": "nyc", "permalink": "https://reddit.com/r/nyc/comments/1thoz2c/judge_blocks_ice_arrests_in_immigration_courts/", "score": 47, "date": "2026-05-19"}, {"title": "New York federal judge bans ICE arrests at Manhattan immigration courts", "subreddit": "TheColorIsBlue", "permalink": "https://reddit.com/r/TheColorIsBlue/comments/1thni6a/new_york_federal_judge_bans_ice_arrests_at/", "score": 1, "date": "2026-05-19"}, {"title": "[US] - New York federal judge bans ICE arrests at Manhattan immigration courts | Guardian", "subreddit": "AutoNewspaper", "permalink": "https://reddit.com/r/AutoNewspaper/comments/1thn5r0/us_new_york_federal_judge_bans_ice_arrests_at/", "score": 1, "date": "2026-05-19"}], "kind": "marker"}}, {"type": "Feature", "geometry": {"type": "Polygon", "coordinates": [[[-86.76957439735162, 41.885847], [-86.78587902081573, 42.00909033312045], [-86.8341663136721, 42.12759749406474], [-86.91258062233608, 42.23681431909736], [-87.01810852890095, 42.33254366688181], [-87.14669465509817, 42.411106712268364], [-87.2933975082099, 42.46948432148149], [-87.45257937986298, 42.50543307573766], [-87.618123, 42.51757148457111], [-87.78366662013701, 42.50543307573766], [-87.94284849179009, 42.46948432148149], [-88.08955134490182, 42.411106712268364], [-88.21813747109904, 42.33254366688181], [-88.32366537766391, 42.23681431909736], [-88.4020796863279, 42.12759749406474], [-88.45036697918427, 42.00909033312045], [-88.46667160264838, 41.885847], [-88.45036697918427, 41.76260366687955], [-88.4020796863279, 41.64409650593526], [-88.32366537766391, 41.53487968090264], [-88.21813747109904, 41.439150333118185], [-88.08955134490182, 41.36058728773163], [-87.94284849179009, 41.30220967851851], [-87.78366662013701, 41.26626092426233], [-87.618123, 41.25412251542889], [-87.45257937986298, 41.26626092426233], [-87.2933975082099, 41.30220967851851], [-87.14669465509817, 41.36058728773163], [-87.01810852890095, 41.439150333118185], [-86.91258062233608, 41.534879680902634], [-86.8341663136721, 41.64409650593526], [-86.78587902081573, 41.76260366687955], [-86.76957439735162, 41.885847]]]}, "properties": {"tier": "1", "tier_color": "#7a0019", "n_arrests": 19, "county": "Chicago", "state": "Illinois", "label": "1: 19 Reddit posts", "examples": [{"title": "ICE detains Chicago Public Schools senior and his mother", "subreddit": "fuckICE", "permalink": "https://reddit.com/r/fuckICE/comments/1thol5u/ice_detains_chicago_public_schools_senior_and_his/", "score": 2, "date": "2026-05-19"}, {"title": "18 people are pushing to sue the federal government over a 2025 immigration raid on the South Side of Chicago. One person alleges when he presented his city of ", "subreddit": "antimisdisinfoproject", "permalink": "https://reddit.com/r/antimisdisinfoproject/comments/1thbysz/18_people_are_pushing_to_sue_the_federal/", "score": 1, "date": "2026-05-19"}, {"title": "18 people are pushing to sue the federal government over a 2025 immigration raid on the South Side of Chicago. One person alleges when he presented his city of ", "subreddit": "u_Reasonable-Draft4739", "permalink": "https://reddit.com/r/u_Reasonable-Draft4739/comments/1th5kw6/18_people_are_pushing_to_sue_the_federal/", "score": 1, "date": "2026-05-18"}], "kind": "ring"}}, {"type": "Feature", "geometry": {"type": "Point", "coordinates": [-87.618123, 41.885847]}, "properties": {"tier": "1", "tier_color": "#7a0019", "n_arrests": 19, "county": "Chicago", "state": "Illinois", "label": "1: 19 Reddit posts", "examples": [{"title": "ICE detains Chicago Public Schools senior and his mother", "subreddit": "fuckICE", "permalink": "https://reddit.com/r/fuckICE/comments/1thol5u/ice_detains_chicago_public_schools_senior_and_his/", "score": 2, "date": "2026-05-19"}, {"title": "18 people are pushing to sue the federal government over a 2025 immigration raid on the South Side of Chicago. One person alleges when he presented his city of ", "subreddit": "antimisdisinfoproject", "permalink": "https://reddit.com/r/antimisdisinfoproject/comments/1thbysz/18_people_are_pushing_to_sue_the_federal/", "score": 1, "date": "2026-05-19"}, {"title": "18 people are pushing to sue the federal government over a 2025 immigration raid on the South Side of Chicago. One person alleges when he presented his city of ", "subreddit": "u_Reasonable-Draft4739", "permalink": "https://reddit.com/r/u_Reasonable-Draft4739/comments/1th5kw6/18_people_are_pushing_to_sue_the_federal/", "score": 1, "date": "2026-05-18"}], "kind": "marker"}}, {"type": "Feature", "geometry": {"type": "Polygon", "coordinates": [[[-73.82412952790627, 40.795236], [-73.83687193199577, 40.893179869506355], [-73.87460946082115, 40.98735981103513], [-73.93589188231309, 41.0741565422501], [-74.01836414738122, 41.15023451344684], [-74.11885689312997, 41.21267009085728], [-74.23350823969719, 41.25906391025581], [-74.35791220013152, 41.28763308318089], [-74.487288, 41.297279712338806], [-74.61666379986849, 41.28763308318089], [-74.74106776030283, 41.25906391025581], [-74.85571910687004, 41.21267009085728], [-74.9562118526188, 41.15023451344684], [-75.03868411768693, 41.0741565422501], [-75.09996653917887, 40.98735981103513], [-75.13770406800424, 40.893179869506355], [-75.15044647209375, 40.795236], [-75.13770406800424, 40.69729213049365], [-75.09996653917887, 40.60311218896488], [-75.03868411768693, 40.516315457749904], [-74.9562118526188, 40.440237486553166], [-74.85571910687004, 40.377801909142725], [-74.74106776030283, 40.331408089744194], [-74.61666379986849, 40.30283891681911], [-74.487288, 40.2931922876612], [-74.35791220013152, 40.30283891681911], [-74.23350823969719, 40.331408089744194], [-74.11885689312997, 40.377801909142725], [-74.01836414738122, 40.440237486553166], [-73.93589188231309, 40.516315457749904], [-73.87460946082115, 40.60311218896488], [-73.83687193199577, 40.69729213049365], [-73.82412952790627, 40.795236]]]}, "properties": {"tier": "1", "tier_color": "#7a0019", "n_arrests": 12, "county": "Morristown", "state": "New Jersey", "label": "1: 12 Reddit posts", "examples": [{"title": "Several ICE agents were arrested in recent months, showing risk of misconduct | The Associated Press", "subreddit": "morriscountyICEnews", "permalink": "https://reddit.com/r/morriscountyICEnews/comments/1thal6i/several_ice_agents_were_arrested_in_recent_months/", "score": 2, "date": "2026-05-19"}, {"title": "Judge blocks broad ICE arrests at immigration courts in Manhattan | Courthouse News Service", "subreddit": "morriscountyICEnews", "permalink": "https://reddit.com/r/morriscountyICEnews/comments/1thahon/judge_blocks_broad_ice_arrests_at_immigration/", "score": 2, "date": "2026-05-19"}, {"title": "ICE agent charged in Jan. 14 shooting of Venezuelan man \u2022 Minnesota Reformer", "subreddit": "morriscountyICEnews", "permalink": "https://reddit.com/r/morriscountyICEnews/comments/1tha8o5/ice_agent_charged_in_jan_14_shooting_of/", "score": 3, "date": "2026-05-19"}], "kind": "ring"}}, {"type": "Feature", "geometry": {"type": "Point", "coordinates": [-74.487288, 40.795236]}, "properties": {"tier": "1", "tier_color": "#7a0019", "n_arrests": 12, "county": "Morristown", "state": "New Jersey", "label": "1: 12 Reddit posts", "examples": [{"title": "Several ICE agents were arrested in recent months, showing risk of misconduct | The Associated Press", "subreddit": "morriscountyICEnews", "permalink": "https://reddit.com/r/morriscountyICEnews/comments/1thal6i/several_ice_agents_were_arrested_in_recent_months/", "score": 2, "date": "2026-05-19"}, {"title": "Judge blocks broad ICE arrests at immigration courts in Manhattan | Courthouse News Service", "subreddit": "morriscountyICEnews", "permalink": "https://reddit.com/r/morriscountyICEnews/comments/1thahon/judge_blocks_broad_ice_arrests_at_immigration/", "score": 2, "date": "2026-05-19"}, {"title": "ICE agent charged in Jan. 14 shooting of Venezuelan man \u2022 Minnesota Reformer", "subreddit": "morriscountyICEnews", "permalink": "https://reddit.com/r/morriscountyICEnews/comments/1tha8o5/ice_agent_charged_in_jan_14_shooting_of/", "score": 3, "date": "2026-05-19"}], "kind": "marker"}}, {"type": "Feature", "geometry": {"type": "Polygon", "coordinates": [[[-121.96917491487713, 37.775], [-121.97780472745164, 37.84425677430359], [-122.00336252631759, 37.91085204961034], [-122.04486613959754, 37.97222660683727], [-122.10072060670863, 38.0260218561694], [-122.16877947180333, 38.07017047634362], [-122.24642727086392, 38.102975860645465], [-122.33068004251786, 38.12317731655369], [-122.4183, 38.129998513446836], [-122.50591995748215, 38.12317731655369], [-122.59017272913609, 38.102975860645465], [-122.66782052819667, 38.07017047634362], [-122.73587939329137, 38.0260218561694], [-122.79173386040246, 37.97222660683727], [-122.83323747368242, 37.91085204961034], [-122.85879527254836, 37.84425677430359], [-122.86742508512287, 37.775], [-122.85879527254836, 37.70574322569641], [-122.83323747368242, 37.639147950389656], [-122.79173386040246, 37.57777339316273], [-122.73587939329137, 37.5239781438306], [-122.66782052819667, 37.47982952365638], [-122.59017272913609, 37.44702413935453], [-122.50591995748215, 37.42682268344631], [-122.4183, 37.42000148655316], [-122.33068004251786, 37.42682268344631], [-122.24642727086392, 37.44702413935453], [-122.16877947180333, 37.47982952365638], [-122.10072060670863, 37.5239781438306], [-122.04486613959754, 37.57777339316273], [-122.00336252631759, 37.639147950389656], [-121.97780472745164, 37.70574322569641], [-121.96917491487713, 37.775]]]}, "properties": {"tier": "2", "tier_color": "#d7263d", "n_arrests": 6, "county": "San Francisco", "state": "California", "label": "2: 6 Reddit posts", "examples": [{"title": "Intl Accessible and CC Events Calendar (\ud83d\uddd3\ufe0fMay 11-14)", "subreddit": "disabled", "permalink": "https://reddit.com/r/disabled/comments/1t9jilx/intl_accessible_and_cc_events_calendar_may_1114/", "score": 2, "date": "2026-05-10"}, {"title": "Intl Accessible and CC Events Calendar (\ud83d\uddd3\ufe0fMay 11-14)", "subreddit": "cfs", "permalink": "https://reddit.com/r/cfs/comments/1t9j3ue/intl_accessible_and_cc_events_calendar_may_1114/", "score": 5, "date": "2026-05-10"}, {"title": "Intl Accessible and CC Events Calendar (\ud83d\uddd3\ufe0fMay 11-14)", "subreddit": "spooniesocial", "permalink": "https://reddit.com/r/spooniesocial/comments/1t9ilch/intl_accessible_and_cc_events_calendar_may_1114/", "score": 3, "date": "2026-05-10"}], "kind": "ring"}}, {"type": "Feature", "geometry": {"type": "Point", "coordinates": [-122.4183, 37.775]}, "properties": {"tier": "2", "tier_color": "#d7263d", "n_arrests": 6, "county": "San Francisco", "state": "California", "label": "2: 6 Reddit posts", "examples": [{"title": "Intl Accessible and CC Events Calendar (\ud83d\uddd3\ufe0fMay 11-14)", "subreddit": "disabled", "permalink": "https://reddit.com/r/disabled/comments/1t9jilx/intl_accessible_and_cc_events_calendar_may_1114/", "score": 2, "date": "2026-05-10"}, {"title": "Intl Accessible and CC Events Calendar (\ud83d\uddd3\ufe0fMay 11-14)", "subreddit": "cfs", "permalink": "https://reddit.com/r/cfs/comments/1t9j3ue/intl_accessible_and_cc_events_calendar_may_1114/", "score": 5, "date": "2026-05-10"}, {"title": "Intl Accessible and CC Events Calendar (\ud83d\uddd3\ufe0fMay 11-14)", "subreddit": "spooniesocial", "permalink": "https://reddit.com/r/spooniesocial/comments/1t9ilch/intl_accessible_and_cc_events_calendar_may_1114/", "score": 3, "date": "2026-05-10"}], "kind": "marker"}}, {"type": "Feature", "geometry": {"type": "Polygon", "coordinates": [[[-79.48584716490966, 40.474536], [-79.49481422943822, 40.54379277430359], [-79.52137082376288, 40.61038804961034], [-79.56449639285685, 40.67176260683727], [-79.62253364528495, 40.7255578561694], [-79.693252241984, 40.76970647634362], [-79.77393450694235, 40.80251186064547], [-79.86147986596475, 40.82271331655369], [-79.952524, 40.82953451344684], [-80.04356813403524, 40.82271331655369], [-80.13111349305764, 40.80251186064547], [-80.211795758016, 40.76970647634362], [-80.28251435471505, 40.7255578561694], [-80.34055160714314, 40.67176260683727], [-80.38367717623711, 40.61038804961034], [-80.41023377056177, 40.54379277430359], [-80.41920083509034, 40.474536], [-80.41023377056177, 40.40527922569641], [-80.38367717623711, 40.33868395038966], [-80.34055160714314, 40.27730939316273], [-80.28251435471505, 40.2235141438306], [-80.211795758016, 40.17936552365638], [-80.13111349305764, 40.146560139354534], [-80.04356813403524, 40.12635868344631], [-79.952524, 40.11953748655316], [-79.86147986596475, 40.12635868344631], [-79.77393450694235, 40.146560139354534], [-79.693252241984, 40.17936552365638], [-79.62253364528495, 40.2235141438306], [-79.56449639285685, 40.27730939316273], [-79.52137082376288, 40.33868395038966], [-79.49481422943822, 40.40527922569641], [-79.48584716490966, 40.474536]]]}, "properties": {"tier": "2", "tier_color": "#d7263d", "n_arrests": 6, "county": "Pittsburgh", "state": "Pennsylvania", "label": "2: 6 Reddit posts", "examples": [{"title": "10h Surveillance video from Pittsburgh, Pennsylvania shows an apparent federal immigration raid by masked agents as parents were dropping off their children at ", "subreddit": "antitrump", "permalink": "https://reddit.com/r/antitrump/comments/1tadkjh/10h_surveillance_video_from_pittsburgh/", "score": 6, "date": "2026-05-11"}, {"title": "10h Surveillance video from Pittsburgh, Pennsylvania shows an apparent federal immigration raid by masked agents as parents were dropping off their children at ", "subreddit": "ProgressiveHQ", "permalink": "https://reddit.com/r/ProgressiveHQ/comments/1tadkag/10h_surveillance_video_from_pittsburgh/", "score": 53, "date": "2026-05-11"}, {"title": "10h Surveillance video from Pittsburgh, Pennsylvania shows an apparent federal immigration raid by masked agents as parents were dropping off their children at ", "subreddit": "ThePeoplesPress", "permalink": "https://reddit.com/r/ThePeoplesPress/comments/1tadjxz/10h_surveillance_video_from_pittsburgh/", "score": 66, "date": "2026-05-11"}], "kind": "ring"}}, {"type": "Feature", "geometry": {"type": "Point", "coordinates": [-79.952524, 40.474536]}, "properties": {"tier": "2", "tier_color": "#d7263d", "n_arrests": 6, "county": "Pittsburgh", "state": "Pennsylvania", "label": "2: 6 Reddit posts", "examples": [{"title": "10h Surveillance video from Pittsburgh, Pennsylvania shows an apparent federal immigration raid by masked agents as parents were dropping off their children at ", "subreddit": "antitrump", "permalink": "https://reddit.com/r/antitrump/comments/1tadkjh/10h_surveillance_video_from_pittsburgh/", "score": 6, "date": "2026-05-11"}, {"title": "10h Surveillance video from Pittsburgh, Pennsylvania shows an apparent federal immigration raid by masked agents as parents were dropping off their children at ", "subreddit": "ProgressiveHQ", "permalink": "https://reddit.com/r/ProgressiveHQ/comments/1tadkag/10h_surveillance_video_from_pittsburgh/", "score": 53, "date": "2026-05-11"}, {"title": "10h Surveillance video from Pittsburgh, Pennsylvania shows an apparent federal immigration raid by masked agents as parents were dropping off their children at ", "subreddit": "ThePeoplesPress", "permalink": "https://reddit.com/r/ThePeoplesPress/comments/1tadjxz/10h_surveillance_video_from_pittsburgh/", "score": 66, "date": "2026-05-11"}], "kind": "marker"}}, {"type": "Feature", "geometry": {"type": "Polygon", "coordinates": [[[-114.72091833503241, 36.172082], [-114.72863203934753, 36.235304495910206], [-114.751476718962, 36.29609738675816], [-114.78857446564963, 36.35212443584163], [-114.8384996338099, 36.40123255508467], [-114.89933362722878, 36.44153454700491], [-114.96873862965525, 36.47148162865449], [-115.04404744576885, 36.48992295048012], [-115.122366, 36.49614982282606], [-115.20068455423115, 36.48992295048012], [-115.27599337034475, 36.47148162865449], [-115.34539837277121, 36.44153454700491], [-115.4062323661901, 36.40123255508467], [-115.45615753435037, 36.35212443584163], [-115.493255281038, 36.29609738675816], [-115.51609996065247, 36.235304495910206], [-115.52381366496759, 36.172082], [-115.51609996065247, 36.1088595040898], [-115.493255281038, 36.04806661324184], [-115.45615753435037, 35.992039564158375], [-115.4062323661901, 35.94293144491534], [-115.34539837277121, 35.90262945299509], [-115.27599337034475, 35.87268237134552], [-115.20068455423115, 35.854241049519885], [-115.122366, 35.848014177173944], [-115.04404744576885, 35.854241049519885], [-114.96873862965525, 35.87268237134552], [-114.89933362722878, 35.90262945299509], [-114.8384996338099, 35.94293144491534], [-114.78857446564963, 35.992039564158375], [-114.751476718962, 36.04806661324184], [-114.72863203934753, 36.1088595040898], [-114.72091833503241, 36.172082]]]}, "properties": {"tier": "2", "tier_color": "#d7263d", "n_arrests": 5, "county": "Las Vegas", "state": "Nevada", "label": "2: 5 Reddit posts", "examples": [{"title": "Trump's 2 terms really highlights the difference in the world before and after covid. Especially in politics.", "subreddit": "decadeology", "permalink": "https://reddit.com/r/decadeology/comments/1tf1fj2/trumps_2_terms_really_highlights_the_difference/", "score": 647, "date": "2026-05-16"}, {"title": "ICE detains Filipino convicted of attempted murder in Las Vegas", "subreddit": "Philippines", "permalink": "https://reddit.com/r/Philippines/comments/1t45lvr/ice_detains_filipino_convicted_of_attempted/", "score": 14, "date": "2026-05-05"}, {"title": "Exclusive: ICE Arrests Illegal Alien Accused of Torturing Dogs", "subreddit": "UsaNewsLive", "permalink": "https://reddit.com/r/UsaNewsLive/comments/1t40rxz/exclusive_ice_arrests_illegal_alien_accused_of/", "score": 1, "date": "2026-05-05"}], "kind": "ring"}}, {"type": "Feature", "geometry": {"type": "Point", "coordinates": [-115.122366, 36.172082]}, "properties": {"tier": "2", "tier_color": "#d7263d", "n_arrests": 5, "county": "Las Vegas", "state": "Nevada", "label": "2: 5 Reddit posts", "examples": [{"title": "Trump's 2 terms really highlights the difference in the world before and after covid. Especially in politics.", "subreddit": "decadeology", "permalink": "https://reddit.com/r/decadeology/comments/1tf1fj2/trumps_2_terms_really_highlights_the_difference/", "score": 647, "date": "2026-05-16"}, {"title": "ICE detains Filipino convicted of attempted murder in Las Vegas", "subreddit": "Philippines", "permalink": "https://reddit.com/r/Philippines/comments/1t45lvr/ice_detains_filipino_convicted_of_attempted/", "score": 14, "date": "2026-05-05"}, {"title": "Exclusive: ICE Arrests Illegal Alien Accused of Torturing Dogs", "subreddit": "UsaNewsLive", "permalink": "https://reddit.com/r/UsaNewsLive/comments/1t40rxz/exclusive_ice_arrests_illegal_alien_accused_of/", "score": 1, "date": "2026-05-05"}], "kind": "marker"}}, {"type": "Feature", "geometry": {"type": "Polygon", "coordinates": [[[-117.85712331356461, 33.973093], [-117.86463190116055, 34.0363154959102], [-117.8868691131379, 34.09710838675816], [-117.92298038591115, 34.15313543584163], [-117.97157798351905, 34.202243555084664], [-118.0307943275394, 34.24254554700491], [-118.09835376708038, 34.27249262865448], [-118.17166003076821, 34.29093395048012], [-118.247896, 34.29716082282606], [-118.32413196923179, 34.29093395048012], [-118.39743823291961, 34.27249262865448], [-118.4649976724606, 34.24254554700491], [-118.52421401648094, 34.202243555084664], [-118.57281161408885, 34.15313543584163], [-118.60892288686209, 34.09710838675816], [-118.63116009883944, 34.0363154959102], [-118.63866868643538, 33.973093], [-118.63116009883944, 33.909870504089795], [-118.60892288686209, 33.84907761324184], [-118.57281161408885, 33.79305056415837], [-118.52421401648094, 33.743942444915334], [-118.4649976724606, 33.70364045299509], [-118.39743823291961, 33.673693371345514], [-118.32413196923179, 33.65525204951988], [-118.247896, 33.64902517717394], [-118.17166003076821, 33.65525204951988], [-118.09835376708038, 33.673693371345514], [-118.0307943275394, 33.70364045299509], [-117.97157798351905, 33.743942444915334], [-117.92298038591115, 33.79305056415837], [-117.8868691131379, 33.84907761324184], [-117.86463190116055, 33.909870504089795], [-117.85712331356461, 33.973093]]]}, "properties": {"tier": "2", "tier_color": "#d7263d", "n_arrests": 5, "county": "Los Angeles", "state": "California", "label": "2: 5 Reddit posts", "examples": [{"title": "Hispanics and Latinos are not assimilating into America, and it is concerning", "subreddit": "TrueUnpopularOpinion", "permalink": "https://reddit.com/r/TrueUnpopularOpinion/comments/1tedckc/hispanics_and_latinos_are_not_assimilating_into/", "score": 0, "date": "2026-05-15"}, {"title": "Anyone who waves the flag of a foreign nation while protesting against the laws of the United States should be deported to that nation, regardless of their lega", "subreddit": "TrueUnpopularOpinion", "permalink": "https://reddit.com/r/TrueUnpopularOpinion/comments/1tdg17i/anyone_who_waves_the_flag_of_a_foreign_nation/", "score": 47, "date": "2026-05-15"}, {"title": "How Immigrant Organizing Flipped Nixon\u2019s Hometown", "subreddit": "LosAngeles", "permalink": "https://reddit.com/r/LosAngeles/comments/1tb47g4/how_immigrant_organizing_flipped_nixons_hometown/", "score": 80, "date": "2026-05-12"}], "kind": "ring"}}, {"type": "Feature", "geometry": {"type": "Point", "coordinates": [-118.247896, 33.973093]}, "properties": {"tier": "2", "tier_color": "#d7263d", "n_arrests": 5, "county": "Los Angeles", "state": "California", "label": "2: 5 Reddit posts", "examples": [{"title": "Hispanics and Latinos are not assimilating into America, and it is concerning", "subreddit": "TrueUnpopularOpinion", "permalink": "https://reddit.com/r/TrueUnpopularOpinion/comments/1tedckc/hispanics_and_latinos_are_not_assimilating_into/", "score": 0, "date": "2026-05-15"}, {"title": "Anyone who waves the flag of a foreign nation while protesting against the laws of the United States should be deported to that nation, regardless of their lega", "subreddit": "TrueUnpopularOpinion", "permalink": "https://reddit.com/r/TrueUnpopularOpinion/comments/1tdg17i/anyone_who_waves_the_flag_of_a_foreign_nation/", "score": 47, "date": "2026-05-15"}, {"title": "How Immigrant Organizing Flipped Nixon\u2019s Hometown", "subreddit": "LosAngeles", "permalink": "https://reddit.com/r/LosAngeles/comments/1tb47g4/how_immigrant_organizing_flipped_nixons_hometown/", "score": 80, "date": "2026-05-12"}], "kind": "marker"}}, {"type": "Feature", "geometry": {"type": "Polygon", "coordinates": [[[-80.21372955400292, 28.498821], [-80.22081499042395, 28.5620434959102], [-80.2417990103389, 28.622836386758156], [-80.27587520963041, 28.678863435841627], [-80.32173405906991, 28.727971555084665], [-80.37761322879132, 28.76827354700491], [-80.44136531363968, 28.798220628654487], [-80.51054035674684, 28.816661950480118], [-80.58248, 28.822888822826055], [-80.65441964325316, 28.816661950480118], [-80.72359468636033, 28.798220628654487], [-80.78734677120869, 28.76827354700491], [-80.8432259409301, 28.727971555084665], [-80.8890847903696, 28.678863435841627], [-80.92316098966111, 28.622836386758156], [-80.94414500957606, 28.5620434959102], [-80.95123044599708, 28.498821], [-80.94414500957606, 28.4355985040898], [-80.92316098966111, 28.374805613241843], [-80.8890847903696, 28.31877856415837], [-80.8432259409301, 28.269670444915334], [-80.78734677120869, 28.22936845299509], [-80.72359468636033, 28.19942137134551], [-80.65441964325316, 28.18098004951988], [-80.58248, 28.174753177173944], [-80.51054035674684, 28.18098004951988], [-80.44136531363968, 28.19942137134551], [-80.37761322879132, 28.22936845299509], [-80.32173405906991, 28.269670444915334], [-80.27587520963041, 28.31877856415837], [-80.2417990103389, 28.374805613241843], [-80.22081499042395, 28.4355985040898], [-80.21372955400292, 28.498821]]]}, "properties": {"tier": "2", "tier_color": "#d7263d", "n_arrests": 5, "county": "Orlando", "state": "Florida", "label": "2: 5 Reddit posts", "examples": [{"title": "Orlando music scene launches fundraisers for \u2018Uncle Lou\u2019 amid ICE detainment", "subreddit": "OrlandoWeekly", "permalink": "https://reddit.com/r/OrlandoWeekly/comments/1tbcoa3/orlando_music_scene_launches_fundraisers_for/", "score": 1, "date": "2026-05-12"}, {"title": "ICE RAID! - Orlando's Punk Venue \"Uncle Lou's\"", "subreddit": "u_Emergency-String-109", "permalink": "https://reddit.com/r/u_Emergency-String-109/comments/1t9mi6i/ice_raid_orlandos_punk_venue_uncle_lous/", "score": 1, "date": "2026-05-10"}, {"title": "ICE RAID! - Orlando's Punk Venue \"Uncle Lou's\"", "subreddit": "worldwidepyratepunx", "permalink": "https://reddit.com/r/worldwidepyratepunx/comments/1t9atis/ice_raid_orlandos_punk_venue_uncle_lous/", "score": 2, "date": "2026-05-10"}], "kind": "ring"}}, {"type": "Feature", "geometry": {"type": "Point", "coordinates": [-80.58248, 28.498821]}, "properties": {"tier": "2", "tier_color": "#d7263d", "n_arrests": 5, "county": "Orlando", "state": "Florida", "label": "2: 5 Reddit posts", "examples": [{"title": "Orlando music scene launches fundraisers for \u2018Uncle Lou\u2019 amid ICE detainment", "subreddit": "OrlandoWeekly", "permalink": "https://reddit.com/r/OrlandoWeekly/comments/1tbcoa3/orlando_music_scene_launches_fundraisers_for/", "score": 1, "date": "2026-05-12"}, {"title": "ICE RAID! - Orlando's Punk Venue \"Uncle Lou's\"", "subreddit": "u_Emergency-String-109", "permalink": "https://reddit.com/r/u_Emergency-String-109/comments/1t9mi6i/ice_raid_orlandos_punk_venue_uncle_lous/", "score": 1, "date": "2026-05-10"}, {"title": "ICE RAID! - Orlando's Punk Venue \"Uncle Lou's\"", "subreddit": "worldwidepyratepunx", "permalink": "https://reddit.com/r/worldwidepyratepunx/comments/1t9atis/ice_raid_orlandos_punk_venue_uncle_lous/", "score": 2, "date": "2026-05-10"}], "kind": "marker"}}, {"type": "Feature", "geometry": {"type": "Polygon", "coordinates": [[[-89.02784959030163, 30.394444], [-89.03430649333245, 30.450991919424965], [-89.0534290672625, 30.505366734018867], [-89.08448244229973, 30.55547885015061], [-89.12627325465637, 30.59940248730045], [-89.17719550685011, 30.635449684725376], [-89.23529228528669, 30.66223516884385], [-89.29833096335183, 30.678729588522675], [-89.363889, 30.68429907246377], [-89.42944703664817, 30.678729588522675], [-89.49248571471331, 30.66223516884385], [-89.55058249314989, 30.635449684725376], [-89.60150474534363, 30.59940248730045], [-89.64329555770027, 30.55547885015061], [-89.6743489327375, 30.505366734018867], [-89.69347150666755, 30.450991919424965], [-89.69992840969837, 30.394444], [-89.69347150666755, 30.337896080575035], [-89.6743489327375, 30.283521265981133], [-89.64329555770027, 30.23340914984939], [-89.60150474534363, 30.18948551269955], [-89.55058249314989, 30.153438315274624], [-89.49248571471331, 30.12665283115615], [-89.42944703664817, 30.110158411477325], [-89.363889, 30.10458892753623], [-89.29833096335183, 30.110158411477325], [-89.23529228528669, 30.12665283115615], [-89.17719550685011, 30.153438315274624], [-89.12627325465637, 30.18948551269955], [-89.08448244229973, 30.23340914984939], [-89.0534290672625, 30.283521265981133], [-89.03430649333245, 30.337896080575035], [-89.02784959030163, 30.394444]]]}, "properties": {"tier": "3", "tier_color": "#f46036", "n_arrests": 4, "county": "Diamondhead", "state": "Mississippi", "label": "3: 4 Reddit posts", "examples": [{"title": "Israel and Max Makoka Are Coming Home After ICE Arrests Galvanized Their Mississippi Community | They are coming home. Over a week has passed since ICE detained", "subreddit": "antimisdisinfoproject", "permalink": "https://reddit.com/r/antimisdisinfoproject/comments/1t0h7fm/israel_and_max_makoka_are_coming_home_after_ice/", "score": 1, "date": "2026-05-01"}, {"title": "Israel and Max Makoka Are Coming Home After ICE Arrests Galvanized Their Mississippi Community", "subreddit": "mississippi", "permalink": "https://reddit.com/r/mississippi/comments/1t08dg1/israel_and_max_makoka_are_coming_home_after_ice/", "score": 160, "date": "2026-04-30"}, {"title": "ICE detains basketball star brothers at school bus stop, rattling a Mississippi Coast community", "subreddit": "mississippi", "permalink": "https://reddit.com/r/mississippi/comments/1syinpu/ice_detains_basketball_star_brothers_at_school/", "score": 153, "date": "2026-04-29"}], "kind": "ring"}}, {"type": "Feature", "geometry": {"type": "Point", "coordinates": [-89.363889, 30.394444]}, "properties": {"tier": "3", "tier_color": "#f46036", "n_arrests": 4, "county": "Diamondhead", "state": "Mississippi", "label": "3: 4 Reddit posts", "examples": [{"title": "Israel and Max Makoka Are Coming Home After ICE Arrests Galvanized Their Mississippi Community | They are coming home. Over a week has passed since ICE detained", "subreddit": "antimisdisinfoproject", "permalink": "https://reddit.com/r/antimisdisinfoproject/comments/1t0h7fm/israel_and_max_makoka_are_coming_home_after_ice/", "score": 1, "date": "2026-05-01"}, {"title": "Israel and Max Makoka Are Coming Home After ICE Arrests Galvanized Their Mississippi Community", "subreddit": "mississippi", "permalink": "https://reddit.com/r/mississippi/comments/1t08dg1/israel_and_max_makoka_are_coming_home_after_ice/", "score": 160, "date": "2026-04-30"}, {"title": "ICE detains basketball star brothers at school bus stop, rattling a Mississippi Coast community", "subreddit": "mississippi", "permalink": "https://reddit.com/r/mississippi/comments/1syinpu/ice_detains_basketball_star_brothers_at_school/", "score": 153, "date": "2026-04-29"}], "kind": "marker"}}, {"type": "Feature", "geometry": {"type": "Polygon", "coordinates": [[[-76.69508609342623, 38.912217], [-76.70128485624659, 38.961188934753174], [-76.71964292972878, 39.008278905517564], [-76.7494548234042, 39.051677271125044], [-76.78957488291763, 39.08971625672342], [-76.83846131688155, 39.12093404542863], [-76.89423544705453, 39.1441309551279], [-76.95475390489254, 39.15841554159044], [-77.017691, 39.1632388561694], [-77.08062809510746, 39.15841554159044], [-77.14114655294547, 39.1441309551279], [-77.19692068311845, 39.12093404542863], [-77.24580711708236, 39.08971625672342], [-77.28592717659579, 39.051677271125044], [-77.31573907027122, 39.008278905517564], [-77.33409714375341, 38.961188934753174], [-77.34029590657377, 38.912217], [-77.33409714375341, 38.86324506524682], [-77.31573907027122, 38.81615509448243], [-77.28592717659579, 38.77275672887495], [-77.24580711708236, 38.734717743276576], [-77.19692068311845, 38.70349995457136], [-77.14114655294547, 38.6803030448721], [-77.08062809510746, 38.66601845840955], [-77.017691, 38.6611951438306], [-76.95475390489254, 38.66601845840955], [-76.89423544705453, 38.6803030448721], [-76.83846131688155, 38.70349995457136], [-76.78957488291763, 38.734717743276576], [-76.7494548234042, 38.77275672887495], [-76.71964292972878, 38.81615509448243], [-76.70128485624659, 38.86324506524682], [-76.69508609342623, 38.912217]]]}, "properties": {"tier": "3", "tier_color": "#f46036", "n_arrests": 3, "county": "Washington", "state": "District of Columbia", "label": "3: 3 Reddit posts", "examples": [{"title": "ICE OMNIBUS. MAY 9, 2026. WRONG PERSON. DEPORTATION. PROFITS. COURTS PUSH BACK. \ud83d\udea8\ud83d\udc80\ud83d\ude24", "subreddit": "u_Historical-Ease-6311", "permalink": "https://reddit.com/r/u_Historical-Ease-6311/comments/1t8tqu1/ice_omnibus_may_9_2026_wrong_person_deportation/", "score": 1, "date": "2026-05-10"}, {"title": "What Trump Has Done - May 2026 Part Two", "subreddit": "WhatTrumpHasDone", "permalink": "https://reddit.com/r/WhatTrumpHasDone/comments/1t4u2t5/what_trump_has_done_may_2026_part_two/", "score": 3, "date": "2026-05-05"}, {"title": "MS NOW viewership up 20% year-over-year; up 43% in the demo", "subreddit": "msnow", "permalink": "https://reddit.com/r/msnow/comments/1sz9a1f/ms_now_viewership_up_20_yearoveryear_up_43_in_the/", "score": 103, "date": "2026-04-29"}], "kind": "ring"}}, {"type": "Feature", "geometry": {"type": "Point", "coordinates": [-77.017691, 38.912217]}, "properties": {"tier": "3", "tier_color": "#f46036", "n_arrests": 3, "county": "Washington", "state": "District of Columbia", "label": "3: 3 Reddit posts", "examples": [{"title": "ICE OMNIBUS. MAY 9, 2026. WRONG PERSON. DEPORTATION. PROFITS. COURTS PUSH BACK. \ud83d\udea8\ud83d\udc80\ud83d\ude24", "subreddit": "u_Historical-Ease-6311", "permalink": "https://reddit.com/r/u_Historical-Ease-6311/comments/1t8tqu1/ice_omnibus_may_9_2026_wrong_person_deportation/", "score": 1, "date": "2026-05-10"}, {"title": "What Trump Has Done - May 2026 Part Two", "subreddit": "WhatTrumpHasDone", "permalink": "https://reddit.com/r/WhatTrumpHasDone/comments/1t4u2t5/what_trump_has_done_may_2026_part_two/", "score": 3, "date": "2026-05-05"}, {"title": "MS NOW viewership up 20% year-over-year; up 43% in the demo", "subreddit": "msnow", "permalink": "https://reddit.com/r/msnow/comments/1sz9a1f/ms_now_viewership_up_20_yearoveryear_up_43_in_the/", "score": 103, "date": "2026-04-29"}], "kind": "marker"}}, {"type": "Feature", "geometry": {"type": "Polygon", "coordinates": [[[-98.23802861554904, 29.468525], [-98.24356866853446, 29.517496934753176], [-98.25997592636138, 29.56458690551756], [-98.28661986731281, 29.60798527112505], [-98.32247657968007, 29.64602425672342], [-98.36616811011558, 29.67724204542864], [-98.41601541760718, 29.700438955127904], [-98.47010289808269, 29.714723541590445], [-98.526352, 29.7195468561694], [-98.58260110191732, 29.714723541590445], [-98.63668858239282, 29.700438955127904], [-98.68653588988442, 29.67724204542864], [-98.73022742031993, 29.64602425672342], [-98.7660841326872, 29.60798527112505], [-98.79272807363863, 29.56458690551756], [-98.80913533146554, 29.517496934753176], [-98.81467538445096, 29.468525], [-98.80913533146554, 29.419553065246824], [-98.79272807363863, 29.372463094482438], [-98.7660841326872, 29.32906472887495], [-98.73022742031993, 29.29102574327658], [-98.68653588988442, 29.25980795457136], [-98.63668858239282, 29.236611044872095], [-98.58260110191732, 29.222326458409555], [-98.526352, 29.217503143830598], [-98.47010289808269, 29.222326458409555], [-98.41601541760718, 29.236611044872095], [-98.36616811011558, 29.25980795457136], [-98.32247657968007, 29.29102574327658], [-98.28661986731281, 29.32906472887495], [-98.25997592636138, 29.372463094482438], [-98.24356866853446, 29.419553065246824], [-98.23802861554904, 29.468525]]]}, "properties": {"tier": "3", "tier_color": "#f46036", "n_arrests": 3, "county": "San Antonio", "state": "Texas", "label": "3: 3 Reddit posts", "examples": [{"title": "Rep. Castro says detained San Antonio elementary students \u2018deeply traumatized\u2019 after ICE arrest", "subreddit": "TexasPolitics", "permalink": "https://reddit.com/r/TexasPolitics/comments/1t4ys2k/rep_castro_says_detained_san_antonio_elementary/", "score": 78, "date": "2026-05-06"}, {"title": "Rep. Castro says detained San Antonio elementary students \u2018deeply traumatized\u2019 after ICE arrest", "subreddit": "texas", "permalink": "https://reddit.com/r/texas/comments/1t4yro0/rep_castro_says_detained_san_antonio_elementary/", "score": 105, "date": "2026-05-06"}, {"title": "Prosecutor Says Trump Is Actively Committing War Crimes\nRepublicans quietly move to spend $1 billion in tax dollars on Trump's ballroom, Rubio flies to Rome to ", "subreddit": "Leftist_Viewpoints", "permalink": "https://reddit.com/r/Leftist_Viewpoints/comments/1t4ukgu/prosecutor_says_trump_is_actively_committing_war/", "score": 1, "date": "2026-05-05"}], "kind": "ring"}}, {"type": "Feature", "geometry": {"type": "Point", "coordinates": [-98.526352, 29.468525]}, "properties": {"tier": "3", "tier_color": "#f46036", "n_arrests": 3, "county": "San Antonio", "state": "Texas", "label": "3: 3 Reddit posts", "examples": [{"title": "Rep. Castro says detained San Antonio elementary students \u2018deeply traumatized\u2019 after ICE arrest", "subreddit": "TexasPolitics", "permalink": "https://reddit.com/r/TexasPolitics/comments/1t4ys2k/rep_castro_says_detained_san_antonio_elementary/", "score": 78, "date": "2026-05-06"}, {"title": "Rep. Castro says detained San Antonio elementary students \u2018deeply traumatized\u2019 after ICE arrest", "subreddit": "texas", "permalink": "https://reddit.com/r/texas/comments/1t4yro0/rep_castro_says_detained_san_antonio_elementary/", "score": 105, "date": "2026-05-06"}, {"title": "Prosecutor Says Trump Is Actively Committing War Crimes\nRepublicans quietly move to spend $1 billion in tax dollars on Trump's ballroom, Rubio flies to Rome to ", "subreddit": "Leftist_Viewpoints", "permalink": "https://reddit.com/r/Leftist_Viewpoints/comments/1t4ukgu/prosecutor_says_trump_is_actively_committing_war/", "score": 1, "date": "2026-05-05"}], "kind": "marker"}}, {"type": "Feature", "geometry": {"type": "Polygon", "coordinates": [[[-86.52455957610815, 36.167028], [-86.52943783647906, 36.207013417287385], [-86.5438851487815, 36.245462217412495], [-86.56734631090582, 36.280896834548855], [-86.59891972354878, 36.311955536231885], [-86.63739203816905, 36.33744475397382], [-86.68128478529133, 36.35638495143136], [-86.72891119125903, 36.36804826743799], [-86.778441, 36.371986487300454], [-86.82797080874097, 36.36804826743799], [-86.87559721470868, 36.35638495143136], [-86.91948996183095, 36.33744475397382], [-86.95796227645123, 36.311955536231885], [-86.98953568909418, 36.280896834548855], [-87.0129968512185, 36.245462217412495], [-87.02744416352094, 36.207013417287385], [-87.03232242389186, 36.167028], [-87.02744416352094, 36.12704258271262], [-87.0129968512185, 36.08859378258751], [-86.98953568909418, 36.05315916545115], [-86.95796227645123, 36.02210046376812], [-86.91948996183095, 35.996611246026184], [-86.87559721470868, 35.977671048568645], [-86.82797080874097, 35.96600773256201], [-86.778441, 35.96206951269955], [-86.72891119125903, 35.96600773256201], [-86.68128478529133, 35.977671048568645], [-86.63739203816905, 35.996611246026184], [-86.59891972354878, 36.02210046376812], [-86.56734631090582, 36.05315916545115], [-86.5438851487815, 36.08859378258751], [-86.52943783647906, 36.12704258271262], [-86.52455957610815, 36.167028]]]}, "properties": {"tier": "4", "tier_color": "#f5a623", "n_arrests": 2, "county": "Nashville", "state": "Tennessee", "label": "4: 2 Reddit posts", "examples": [{"title": "Nashville TN. MNPD Provides Crowd Control for ICE Raid That Targeted the Wrong Home", "subreddit": "EyesOnIce", "permalink": "https://reddit.com/r/EyesOnIce/comments/1t0ntvb/nashville_tn_mnpd_provides_crowd_control_for_ice/", "score": 623, "date": "2026-05-01"}, {"title": "ICE Raid in Hamilton Crossings apartments in Antioch, South Nashville", "subreddit": "nashville", "permalink": "https://reddit.com/r/nashville/comments/1szz2v6/ice_raid_in_hamilton_crossings_apartments_in/", "score": 586, "date": "2026-04-30"}], "kind": "ring"}}, {"type": "Feature", "geometry": {"type": "Point", "coordinates": [-86.778441, 36.167028]}, "properties": {"tier": "4", "tier_color": "#f5a623", "n_arrests": 2, "county": "Nashville", "state": "Tennessee", "label": "4: 2 Reddit posts", "examples": [{"title": "Nashville TN. MNPD Provides Crowd Control for ICE Raid That Targeted the Wrong Home", "subreddit": "EyesOnIce", "permalink": "https://reddit.com/r/EyesOnIce/comments/1t0ntvb/nashville_tn_mnpd_provides_crowd_control_for_ice/", "score": 623, "date": "2026-05-01"}, {"title": "ICE Raid in Hamilton Crossings apartments in Antioch, South Nashville", "subreddit": "nashville", "permalink": "https://reddit.com/r/nashville/comments/1szz2v6/ice_raid_in_hamilton_crossings_apartments_in/", "score": 586, "date": "2026-04-30"}], "kind": "marker"}}, {"type": "Feature", "geometry": {"type": "Polygon", "coordinates": [[[-82.78307994662937, 42.347429], [-82.78840853526401, 42.38741441728738], [-82.80418952649501, 42.42586321741249], [-82.82981646567943, 42.46129783454885], [-82.86430452391618, 42.49235653623188], [-82.90632834446833, 42.517845753973816], [-82.95427297547933, 42.536785951431355], [-83.00629593166704, 42.54844926743799], [-83.060398, 42.55238748730045], [-83.11450006833297, 42.54844926743799], [-83.16652302452069, 42.536785951431355], [-83.21446765553168, 42.517845753973816], [-83.25649147608384, 42.49235653623188], [-83.29097953432058, 42.46129783454885], [-83.316606473505, 42.42586321741249], [-83.332387464736, 42.38741441728738], [-83.33771605337064, 42.347429], [-83.332387464736, 42.307443582712615], [-83.316606473505, 42.268994782587505], [-83.29097953432058, 42.233560165451145], [-83.25649147608384, 42.202501463768115], [-83.21446765553168, 42.17701224602618], [-83.16652302452069, 42.15807204856864], [-83.11450006833297, 42.14640873256201], [-83.060398, 42.142470512699546], [-83.00629593166704, 42.14640873256201], [-82.95427297547933, 42.15807204856864], [-82.90632834446833, 42.17701224602618], [-82.86430452391618, 42.202501463768115], [-82.82981646567943, 42.233560165451145], [-82.80418952649501, 42.268994782587505], [-82.78840853526401, 42.307443582712615], [-82.78307994662937, 42.347429]]]}, "properties": {"tier": "4", "tier_color": "#f5a623", "n_arrests": 2, "county": "Detroit", "state": "Michigan", "label": "4: 2 Reddit posts", "examples": [{"title": "Rank-and-file candidate for United Auto Workers president, Will Lehman, introduces resolution against Iran war", "subreddit": "stupidpol", "permalink": "https://reddit.com/r/stupidpol/comments/1sx5jtw/rankandfile_candidate_for_united_auto_workers/", "score": 53, "date": "2026-04-27"}, {"title": "Rank-and-file candidate for United Auto Workers president, Will Lehman, introduces resolution against Iran war", "subreddit": "Trotskyism", "permalink": "https://reddit.com/r/Trotskyism/comments/1sx5gg1/rankandfile_candidate_for_united_auto_workers/", "score": 33, "date": "2026-04-27"}], "kind": "ring"}}, {"type": "Feature", "geometry": {"type": "Point", "coordinates": [-83.060398, 42.347429]}, "properties": {"tier": "4", "tier_color": "#f5a623", "n_arrests": 2, "county": "Detroit", "state": "Michigan", "label": "4: 2 Reddit posts", "examples": [{"title": "Rank-and-file candidate for United Auto Workers president, Will Lehman, introduces resolution against Iran war", "subreddit": "stupidpol", "permalink": "https://reddit.com/r/stupidpol/comments/1sx5jtw/rankandfile_candidate_for_united_auto_workers/", "score": 53, "date": "2026-04-27"}, {"title": "Rank-and-file candidate for United Auto Workers president, Will Lehman, introduces resolution against Iran war", "subreddit": "Trotskyism", "permalink": "https://reddit.com/r/Trotskyism/comments/1sx5gg1/rankandfile_candidate_for_united_auto_workers/", "score": 33, "date": "2026-04-27"}], "kind": "marker"}}, {"type": "Feature", "geometry": {"type": "Polygon", "coordinates": [[[-89.92437531077113, 29.963071], [-89.92892108473252, 30.003056417287382], [-89.94238371507264, 30.041505217412492], [-89.96424584045744, 30.076939834548856], [-89.99366731166883, 30.107998536231882], [-90.02951747806789, 30.13348775397382], [-90.0704186378649, 30.15242795143136], [-90.1147989824265, 30.164091267437993], [-90.160953, 30.168029487300448], [-90.2071070175735, 30.164091267437993], [-90.25148736213511, 30.15242795143136], [-90.29238852193212, 30.13348775397382], [-90.32823868833118, 30.107998536231882], [-90.35766015954258, 30.076939834548856], [-90.37952228492738, 30.041505217412492], [-90.39298491526749, 30.003056417287382], [-90.39753068922889, 29.963071], [-90.39298491526749, 29.923085582712616], [-90.37952228492738, 29.884636782587506], [-90.35766015954258, 29.849202165451143], [-90.32823868833118, 29.818143463768116], [-90.29238852193212, 29.792654246026178], [-90.25148736213511, 29.77371404856864], [-90.2071070175735, 29.762050732562006], [-90.160953, 29.75811251269955], [-90.1147989824265, 29.762050732562006], [-90.0704186378649, 29.77371404856864], [-90.02951747806789, 29.792654246026178], [-89.99366731166883, 29.818143463768116], [-89.96424584045744, 29.849202165451143], [-89.94238371507264, 29.884636782587506], [-89.92892108473252, 29.923085582712616], [-89.92437531077113, 29.963071]]]}, "properties": {"tier": "4", "tier_color": "#f5a623", "n_arrests": 2, "county": "New Orleans", "state": "Louisiana", "label": "4: 2 Reddit posts", "examples": [{"title": "How to make Delta stop?", "subreddit": "delta", "permalink": "https://reddit.com/r/delta/comments/1tgl3po/how_to_make_delta_stop/", "score": 0, "date": "2026-05-18"}, {"title": "'Well-Oiled Machine': Immigration Scams Surged as Trump\u2019s Sweeps Lured Desperate People to Eager Defrauders", "subreddit": "politics_NOW", "permalink": "https://reddit.com/r/politics_NOW/comments/1sz7my0/welloiled_machine_immigration_scams_surged_as/", "score": 1, "date": "2026-04-29"}], "kind": "ring"}}, {"type": "Feature", "geometry": {"type": "Point", "coordinates": [-90.160953, 29.963071]}, "properties": {"tier": "4", "tier_color": "#f5a623", "n_arrests": 2, "county": "New Orleans", "state": "Louisiana", "label": "4: 2 Reddit posts", "examples": [{"title": "How to make Delta stop?", "subreddit": "delta", "permalink": "https://reddit.com/r/delta/comments/1tgl3po/how_to_make_delta_stop/", "score": 0, "date": "2026-05-18"}, {"title": "'Well-Oiled Machine': Immigration Scams Surged as Trump\u2019s Sweeps Lured Desperate People to Eager Defrauders", "subreddit": "politics_NOW", "permalink": "https://reddit.com/r/politics_NOW/comments/1sz7my0/welloiled_machine_immigration_scams_surged_as/", "score": 1, "date": "2026-04-29"}], "kind": "marker"}}, {"type": "Feature", "geometry": {"type": "Polygon", "coordinates": [[[-97.70557819118028, 30.210692], [-97.7101353617683, 30.250677417287385], [-97.72363174402231, 30.289126217412495], [-97.74554867954119, 30.32456083454886], [-97.77504391278408, 30.355619536231885], [-97.81098395847859, 30.381108753973823], [-97.85198766082407, 30.400048951431362], [-97.89647927053454, 30.411712267437995], [-97.942749, 30.41565048730045], [-97.98901872946547, 30.411712267437995], [-98.03351033917595, 30.400048951431362], [-98.07451404152143, 30.381108753973823], [-98.11045408721593, 30.355619536231885], [-98.13994932045883, 30.32456083454886], [-98.1618662559777, 30.289126217412495], [-98.17536263823172, 30.250677417287385], [-98.17991980881973, 30.210692], [-98.17536263823172, 30.17070658271262], [-98.1618662559777, 30.13225778258751], [-98.13994932045883, 30.096823165451145], [-98.11045408721593, 30.06576446376812], [-98.07451404152143, 30.04027524602618], [-98.03351033917595, 30.02133504856864], [-97.98901872946547, 30.00967173256201], [-97.942749, 30.005733512699553], [-97.89647927053454, 30.00967173256201], [-97.85198766082407, 30.02133504856864], [-97.81098395847859, 30.04027524602618], [-97.77504391278408, 30.06576446376812], [-97.74554867954119, 30.096823165451145], [-97.72363174402231, 30.13225778258751], [-97.7101353617683, 30.17070658271262], [-97.70557819118028, 30.210692]]]}, "properties": {"tier": "4", "tier_color": "#f5a623", "n_arrests": 2, "county": "Austin", "state": "Texas", "label": "4: 2 Reddit posts", "examples": [{"title": "Exclusive: ICE Arrests Illegals Convicted of Child Sex Crimes, Armed Robbery, Assault", "subreddit": "UsaNewsLive", "permalink": "https://reddit.com/r/UsaNewsLive/comments/1tbe181/exclusive_ice_arrests_illegals_convicted_of_child/", "score": 1, "date": "2026-05-12"}, {"title": "ICE detains Austin ISD high school senior weeks before graduation", "subreddit": "Austin", "permalink": "https://reddit.com/r/Austin/comments/1t76cqo/ice_detains_austin_isd_high_school_senior_weeks/", "score": 439, "date": "2026-05-08"}], "kind": "ring"}}, {"type": "Feature", "geometry": {"type": "Point", "coordinates": [-97.942749, 30.210692]}, "properties": {"tier": "4", "tier_color": "#f5a623", "n_arrests": 2, "county": "Austin", "state": "Texas", "label": "4: 2 Reddit posts", "examples": [{"title": "Exclusive: ICE Arrests Illegals Convicted of Child Sex Crimes, Armed Robbery, Assault", "subreddit": "UsaNewsLive", "permalink": "https://reddit.com/r/UsaNewsLive/comments/1tbe181/exclusive_ice_arrests_illegals_convicted_of_child/", "score": 1, "date": "2026-05-12"}, {"title": "ICE detains Austin ISD high school senior weeks before graduation", "subreddit": "Austin", "permalink": "https://reddit.com/r/Austin/comments/1t76cqo/ice_detains_austin_isd_high_school_senior_weeks/", "score": 439, "date": "2026-05-08"}], "kind": "marker"}}, {"type": "Feature", "geometry": {"type": "Polygon", "coordinates": [[[-95.22299666909772, 29.596156], [-95.22752581544151, 29.636141417287384], [-95.24093920191886, 29.674590217412494], [-95.26272135960976, 29.710024834548857], [-95.29203521240971, 29.741083536231883], [-95.32775424539503, 29.766572753973822], [-95.36850579615954, 29.78551295143136], [-95.4127238054611, 29.797176267437994], [-95.458709, 29.80111448730045], [-95.5046941945389, 29.797176267437994], [-95.54891220384046, 29.78551295143136], [-95.58966375460497, 29.766572753973822], [-95.62538278759028, 29.741083536231883], [-95.65469664039024, 29.710024834548857], [-95.67647879808113, 29.674590217412494], [-95.68989218455849, 29.636141417287384], [-95.69442133090227, 29.596156], [-95.68989218455849, 29.556170582712618], [-95.67647879808113, 29.517721782587508], [-95.65469664039024, 29.482287165451144], [-95.62538278759028, 29.451228463768118], [-95.58966375460497, 29.42573924602618], [-95.54891220384046, 29.40679904856864], [-95.5046941945389, 29.395135732562007], [-95.458709, 29.391197512699552], [-95.4127238054611, 29.395135732562007], [-95.36850579615954, 29.40679904856864], [-95.32775424539503, 29.42573924602618], [-95.29203521240971, 29.451228463768118], [-95.26272135960976, 29.482287165451144], [-95.24093920191886, 29.517721782587508], [-95.22752581544151, 29.556170582712618], [-95.22299666909772, 29.596156]]]}, "properties": {"tier": "4", "tier_color": "#f5a623", "n_arrests": 2, "county": "Houston", "state": "Texas", "label": "4: 2 Reddit posts", "examples": [{"title": "Should I postpone asylum interview?", "subreddit": "USCIS", "permalink": "https://reddit.com/r/USCIS/comments/1t0xmrw/should_i_postpone_asylum_interview/", "score": 0, "date": "2026-05-01"}, {"title": "EIGHT ICE STORIES. APRIL 23, 2026. FREED. SICK. PREGNANT. SQUATTING. SCANDAL. \ud83d\udea8\ud83d\udc80\ud83d\ude24", "subreddit": "u_Historical-Ease-6311", "permalink": "https://reddit.com/r/u_Historical-Ease-6311/comments/1sucqrt/eight_ice_stories_april_23_2026_freed_sick/", "score": 1, "date": "2026-04-24"}], "kind": "ring"}}, {"type": "Feature", "geometry": {"type": "Point", "coordinates": [-95.458709, 29.596156]}, "properties": {"tier": "4", "tier_color": "#f5a623", "n_arrests": 2, "county": "Houston", "state": "Texas", "label": "4: 2 Reddit posts", "examples": [{"title": "Should I postpone asylum interview?", "subreddit": "USCIS", "permalink": "https://reddit.com/r/USCIS/comments/1t0xmrw/should_i_postpone_asylum_interview/", "score": 0, "date": "2026-05-01"}, {"title": "EIGHT ICE STORIES. APRIL 23, 2026. FREED. SICK. PREGNANT. SQUATTING. SCANDAL. \ud83d\udea8\ud83d\udc80\ud83d\ude24", "subreddit": "u_Historical-Ease-6311", "permalink": "https://reddit.com/r/u_Historical-Ease-6311/comments/1sucqrt/eight_ice_stories_april_23_2026_freed_sick/", "score": 1, "date": "2026-04-24"}], "kind": "marker"}}, {"type": "Feature", "geometry": {"type": "Polygon", "coordinates": [[[-84.0703491326848, 33.749788], [-84.07508557773062, 33.789773417287385], [-84.0891128939412, 33.828222217412495], [-84.11189201942119, 33.863656834548856], [-84.14254756515305, 33.894715536231885], [-84.17990145570616, 33.92020475397382], [-84.22251820201485, 33.93914495143136], [-84.26876006641822, 33.95080826743799], [-84.31685, 33.954746487300454], [-84.36493993358178, 33.95080826743799], [-84.41118179798515, 33.93914495143136], [-84.45379854429385, 33.92020475397382], [-84.49115243484695, 33.894715536231885], [-84.52180798057881, 33.863656834548856], [-84.5445871060588, 33.828222217412495], [-84.55861442226939, 33.789773417287385], [-84.56335086731521, 33.749788], [-84.55861442226939, 33.70980258271262], [-84.5445871060588, 33.67135378258751], [-84.52180798057881, 33.63591916545115], [-84.49115243484695, 33.60486046376812], [-84.45379854429385, 33.579371246026184], [-84.41118179798515, 33.560431048568645], [-84.36493993358178, 33.54876773256201], [-84.31685, 33.54482951269955], [-84.26876006641822, 33.54876773256201], [-84.22251820201485, 33.560431048568645], [-84.17990145570616, 33.579371246026184], [-84.14254756515305, 33.60486046376812], [-84.11189201942119, 33.63591916545115], [-84.0891128939412, 33.67135378258751], [-84.07508557773062, 33.70980258271262], [-84.0703491326848, 33.749788]]]}, "properties": {"tier": "4", "tier_color": "#f5a623", "n_arrests": 2, "county": "Atlanta", "state": "Georgia", "label": "4: 2 Reddit posts", "examples": [{"title": "In what world did Kendrick Lamar have any moral grounds to go after Drake in 2024?", "subreddit": "nfrpodcast", "permalink": "https://reddit.com/r/nfrpodcast/comments/1thek1m/in_what_world_did_kendrick_lamar_have_any_moral/", "score": 0, "date": "2026-05-19"}, {"title": "Candidates vie for Georgia's attorney general post | Georgia | thecentersquare.com", "subreddit": "UsaNewsLive", "permalink": "https://reddit.com/r/UsaNewsLive/comments/1syyoyz/candidates_vie_for_georgias_attorney_general_post/", "score": 1, "date": "2026-04-29"}], "kind": "ring"}}, {"type": "Feature", "geometry": {"type": "Point", "coordinates": [-84.31685, 33.749788]}, "properties": {"tier": "4", "tier_color": "#f5a623", "n_arrests": 2, "county": "Atlanta", "state": "Georgia", "label": "4: 2 Reddit posts", "examples": [{"title": "In what world did Kendrick Lamar have any moral grounds to go after Drake in 2024?", "subreddit": "nfrpodcast", "permalink": "https://reddit.com/r/nfrpodcast/comments/1thek1m/in_what_world_did_kendrick_lamar_have_any_moral/", "score": 0, "date": "2026-05-19"}, {"title": "Candidates vie for Georgia's attorney general post | Georgia | thecentersquare.com", "subreddit": "UsaNewsLive", "permalink": "https://reddit.com/r/UsaNewsLive/comments/1syyoyz/candidates_vie_for_georgias_attorney_general_post/", "score": 1, "date": "2026-04-29"}], "kind": "marker"}}, {"type": "Feature", "geometry": {"type": "Polygon", "coordinates": [[[-75.00816889721688, 39.864998], [-75.0132997481216, 39.90498341728738], [-75.02849512511288, 39.94343221741249], [-75.05317107837465, 39.97886683454885], [-75.08637932486145, 40.00992553623188], [-75.12684369028423, 40.03541475397382], [-75.17300915177245, 40.05435495143136], [-75.223101596531, 40.06601826743799], [-75.275196, 40.06995648730045], [-75.327290403469, 40.06601826743799], [-75.37738284822754, 40.05435495143136], [-75.42354830971576, 40.03541475397382], [-75.46401267513853, 40.00992553623188], [-75.49722092162534, 39.97886683454885], [-75.5218968748871, 39.94343221741249], [-75.53709225187839, 39.90498341728738], [-75.54222310278311, 39.864998], [-75.53709225187839, 39.82501258271262], [-75.5218968748871, 39.78656378258751], [-75.49722092162534, 39.75112916545115], [-75.46401267513853, 39.72007046376812], [-75.42354830971576, 39.69458124602618], [-75.37738284822754, 39.67564104856864], [-75.327290403469, 39.66397773256201], [-75.275196, 39.66003951269955], [-75.223101596531, 39.66397773256201], [-75.17300915177245, 39.67564104856864], [-75.12684369028423, 39.69458124602618], [-75.08637932486145, 39.72007046376812], [-75.05317107837465, 39.75112916545115], [-75.02849512511288, 39.78656378258751], [-75.0132997481216, 39.82501258271262], [-75.00816889721688, 39.864998]]]}, "properties": {"tier": "4", "tier_color": "#f5a623", "n_arrests": 2, "county": "Philadelphia", "state": "Pennsylvania", "label": "4: 2 Reddit posts", "examples": [{"title": "Democratic District Attorneys Vow to Prosecute Federal Agents Who Target Voting Sites | Politico", "subreddit": "protectUSelections", "permalink": "https://reddit.com/r/protectUSelections/comments/1th8xyy/democratic_district_attorneys_vow_to_prosecute/", "score": 32, "date": "2026-05-19"}, {"title": "Philly city council passes \u2018ICE Out' bills to limit agency's operations", "subreddit": "Defeat_Project_2025", "permalink": "https://reddit.com/r/Defeat_Project_2025/comments/1suei2y/philly_city_council_passes_ice_out_bills_to_limit/", "score": 168, "date": "2026-04-24"}], "kind": "ring"}}, {"type": "Feature", "geometry": {"type": "Point", "coordinates": [-75.275196, 39.864998]}, "properties": {"tier": "4", "tier_color": "#f5a623", "n_arrests": 2, "county": "Philadelphia", "state": "Pennsylvania", "label": "4: 2 Reddit posts", "examples": [{"title": "Democratic District Attorneys Vow to Prosecute Federal Agents Who Target Voting Sites | Politico", "subreddit": "protectUSelections", "permalink": "https://reddit.com/r/protectUSelections/comments/1th8xyy/democratic_district_attorneys_vow_to_prosecute/", "score": 32, "date": "2026-05-19"}, {"title": "Philly city council passes \u2018ICE Out' bills to limit agency's operations", "subreddit": "Defeat_Project_2025", "permalink": "https://reddit.com/r/Defeat_Project_2025/comments/1suei2y/philly_city_council_passes_ice_out_bills_to_limit/", "score": 168, "date": "2026-04-24"}], "kind": "marker"}}, {"type": "Feature", "geometry": {"type": "Polygon", "coordinates": [[[-73.90392903091082, 40.7308], [-73.90912605474094, 40.770785417287385], [-73.92451740752001, 40.809234217412495], [-73.94951160819232, 40.844668834548855], [-73.98314814364295, 40.875727536231885], [-74.02413438067809, 40.90121675397382], [-74.07089524119384, 40.92015695143136], [-74.12163373154438, 40.93182026743799], [-74.1744, 40.935758487300454], [-74.22716626845563, 40.93182026743799], [-74.27790475880617, 40.92015695143136], [-74.32466561932192, 40.90121675397382], [-74.36565185635706, 40.875727536231885], [-74.39928839180769, 40.844668834548855], [-74.42428259248, 40.809234217412495], [-74.43967394525907, 40.770785417287385], [-74.4448709690892, 40.7308], [-74.43967394525907, 40.69081458271262], [-74.42428259248, 40.65236578258751], [-74.39928839180769, 40.61693116545115], [-74.36565185635706, 40.58587246376812], [-74.32466561932192, 40.560383246026184], [-74.27790475880617, 40.541443048568645], [-74.22716626845563, 40.52977973256201], [-74.1744, 40.52584151269955], [-74.12163373154438, 40.52977973256201], [-74.07089524119384, 40.541443048568645], [-74.02413438067809, 40.560383246026184], [-73.98314814364295, 40.58587246376812], [-73.94951160819232, 40.61693116545115], [-73.92451740752001, 40.65236578258751], [-73.90912605474094, 40.69081458271262], [-73.90392903091082, 40.7308]]]}, "properties": {"tier": "4", "tier_color": "#f5a623", "n_arrests": 2, "county": "Newark", "state": "New Jersey", "label": "4: 2 Reddit posts", "examples": [{"title": "A Second Letter From Delaney Hall ICE Detention Center, signed by nearly 300 detainees [Newark, NJ, May 2026]", "subreddit": "itcouldhappenhere", "permalink": "https://reddit.com/r/itcouldhappenhere/comments/1thb7bp/a_second_letter_from_delaney_hall_ice_detention/", "score": 19, "date": "2026-05-19"}, {"title": "A Second Letter From Delaney Hall ICE Detention Center, signed by nearly 300 detainees [Newark, NJ, May 2026]", "subreddit": "Newark", "permalink": "https://reddit.com/r/Newark/comments/1thb3py/a_second_letter_from_delaney_hall_ice_detention/", "score": 23, "date": "2026-05-19"}], "kind": "ring"}}, {"type": "Feature", "geometry": {"type": "Point", "coordinates": [-74.1744, 40.7308]}, "properties": {"tier": "4", "tier_color": "#f5a623", "n_arrests": 2, "county": "Newark", "state": "New Jersey", "label": "4: 2 Reddit posts", "examples": [{"title": "A Second Letter From Delaney Hall ICE Detention Center, signed by nearly 300 detainees [Newark, NJ, May 2026]", "subreddit": "itcouldhappenhere", "permalink": "https://reddit.com/r/itcouldhappenhere/comments/1thb7bp/a_second_letter_from_delaney_hall_ice_detention/", "score": 19, "date": "2026-05-19"}, {"title": "A Second Letter From Delaney Hall ICE Detention Center, signed by nearly 300 detainees [Newark, NJ, May 2026]", "subreddit": "Newark", "permalink": "https://reddit.com/r/Newark/comments/1thb3py/a_second_letter_from_delaney_hall_ice_detention/", "score": 23, "date": "2026-05-19"}], "kind": "marker"}}, {"type": "Feature", "geometry": {"type": "Polygon", "coordinates": [[[-117.89146570139094, 34.146762], [-117.89622429008092, 34.186747417287386], [-117.91031718625618, 34.225196217412496], [-117.93320280782008, 34.260630834548856], [-117.96400167317032, 34.291689536231885], [-118.00153019918369, 34.31717875397382], [-118.04434618565175, 34.33611895143136], [-118.090804238226, 34.34778226743799], [-118.139119, 34.351720487300454], [-118.18743376177399, 34.34778226743799], [-118.23389181434824, 34.33611895143136], [-118.2767078008163, 34.31717875397382], [-118.31423632682967, 34.291689536231885], [-118.3450351921799, 34.260630834548856], [-118.36792081374381, 34.225196217412496], [-118.38201370991906, 34.186747417287386], [-118.38677229860905, 34.146762], [-118.38201370991906, 34.10677658271262], [-118.36792081374381, 34.06832778258751], [-118.3450351921799, 34.03289316545115], [-118.31423632682967, 34.00183446376812], [-118.2767078008163, 33.976345246026185], [-118.23389181434824, 33.957405048568646], [-118.18743376177399, 33.94574173256201], [-118.139119, 33.94180351269955], [-118.090804238226, 33.94574173256201], [-118.04434618565175, 33.957405048568646], [-118.00153019918369, 33.976345246026185], [-117.96400167317032, 34.00183446376812], [-117.93320280782008, 34.03289316545115], [-117.91031718625618, 34.06832778258751], [-117.89622429008092, 34.10677658271262], [-117.89146570139094, 34.146762]]]}, "properties": {"tier": "4", "tier_color": "#f5a623", "n_arrests": 2, "county": "Pasadena", "state": "California", "label": "4: 2 Reddit posts", "examples": [{"title": "[Local] - Federal judge orders release of Pasadena man who is plaintiff in lawsuit against immigration raids | LA Times", "subreddit": "AutoNewspaper", "permalink": "https://reddit.com/r/AutoNewspaper/comments/1stzjmc/local_federal_judge_orders_release_of_pasadena/", "score": 1, "date": "2026-04-23"}, {"title": "[Local] - Federal judge orders release of Pasadena man who is plaintiff in lawsuit against immigration raids", "subreddit": "LATIMESauto", "permalink": "https://reddit.com/r/LATIMESauto/comments/1stywav/local_federal_judge_orders_release_of_pasadena/", "score": 1, "date": "2026-04-23"}], "kind": "ring"}}, {"type": "Feature", "geometry": {"type": "Point", "coordinates": [-118.139119, 34.146762]}, "properties": {"tier": "4", "tier_color": "#f5a623", "n_arrests": 2, "county": "Pasadena", "state": "California", "label": "4: 2 Reddit posts", "examples": [{"title": "[Local] - Federal judge orders release of Pasadena man who is plaintiff in lawsuit against immigration raids | LA Times", "subreddit": "AutoNewspaper", "permalink": "https://reddit.com/r/AutoNewspaper/comments/1stzjmc/local_federal_judge_orders_release_of_pasadena/", "score": 1, "date": "2026-04-23"}, {"title": "[Local] - Federal judge orders release of Pasadena man who is plaintiff in lawsuit against immigration raids", "subreddit": "LATIMESauto", "permalink": "https://reddit.com/r/LATIMESauto/comments/1stywav/local_federal_judge_orders_release_of_pasadena/", "score": 1, "date": "2026-04-23"}], "kind": "marker"}}, {"type": "Feature", "geometry": {"type": "Polygon", "coordinates": [[[-121.96714386127563, 37.444324], [-121.9706513380711, 37.47259795971248], [-121.98103897809125, 37.49978536700944], [-121.99790759015559, 37.52484142507531], [-122.02060892296248, 37.546803243650224], [-122.04827057702325, 37.56482684236269], [-122.07982953048513, 37.57821958442193], [-122.11407299046508, 37.58646679426134], [-122.149685, 37.589251536231885], [-122.18529700953493, 37.58646679426134], [-122.21954046951488, 37.57821958442193], [-122.25109942297676, 37.56482684236269], [-122.27876107703753, 37.546803243650224], [-122.30146240984442, 37.52484142507531], [-122.31833102190876, 37.49978536700944], [-122.32871866192892, 37.47259795971249], [-122.33222613872438, 37.444324], [-122.32871866192892, 37.416050040287516], [-122.31833102190876, 37.388862632990566], [-122.30146240984442, 37.363806574924695], [-122.27876107703753, 37.34184475634978], [-122.25109942297676, 37.32382115763731], [-122.21954046951488, 37.31042841557807], [-122.18529700953493, 37.30218120573866], [-122.149685, 37.29939646376812], [-122.11407299046508, 37.30218120573866], [-122.07982953048513, 37.31042841557807], [-122.04827057702325, 37.32382115763731], [-122.02060892296248, 37.34184475634978], [-121.99790759015559, 37.363806574924695], [-121.98103897809125, 37.388862632990566], [-121.9706513380711, 37.416050040287516], [-121.96714386127563, 37.444324]]]}, "properties": {"tier": "5", "tier_color": "#9e9e9e", "n_arrests": 1, "county": "Palo Alto", "state": "California", "label": "5: 1 Reddit post", "examples": [{"title": "Sending your child to a public school in the U.S. in 2026 is child abuse, even if it's in a \"good\" school district", "subreddit": "TrueUnpopularOpinion", "permalink": "https://reddit.com/r/TrueUnpopularOpinion/comments/1tg9uy7/sending_your_child_to_a_public_school_in_the_us/", "score": 0, "date": "2026-05-18"}], "kind": "ring"}}, {"type": "Feature", "geometry": {"type": "Point", "coordinates": [-122.149685, 37.444324]}, "properties": {"tier": "5", "tier_color": "#9e9e9e", "n_arrests": 1, "county": "Palo Alto", "state": "California", "label": "5: 1 Reddit post", "examples": [{"title": "Sending your child to a public school in the U.S. in 2026 is child abuse, even if it's in a \"good\" school district", "subreddit": "TrueUnpopularOpinion", "permalink": "https://reddit.com/r/TrueUnpopularOpinion/comments/1tg9uy7/sending_your_child_to_a_public_school_in_the_us/", "score": 0, "date": "2026-05-18"}], "kind": "marker"}}, {"type": "Feature", "geometry": {"type": "Polygon", "coordinates": [[[-118.12569876112103, 34.186238], [-118.12906516536965, 34.21451195971248], [-118.13903500908816, 34.24169936700944], [-118.1552251567736, 34.26675542507531], [-118.17701343012996, 34.288717243650225], [-118.20356251803116, 34.30674084236269], [-118.23385215391805, 34.32013358442193], [-118.26671832407013, 34.32838079426134], [-118.300898, 34.331165536231886], [-118.33507767592988, 34.32838079426134], [-118.36794384608196, 34.32013358442193], [-118.39823348196884, 34.30674084236269], [-118.42478256987005, 34.288717243650225], [-118.44657084322641, 34.26675542507531], [-118.46276099091185, 34.24169936700944], [-118.47273083463035, 34.21451195971249], [-118.47609723887898, 34.186238], [-118.47273083463035, 34.15796404028752], [-118.46276099091185, 34.13077663299057], [-118.44657084322641, 34.105720574924696], [-118.42478256987005, 34.08375875634978], [-118.39823348196884, 34.06573515763731], [-118.36794384608196, 34.052342415578075], [-118.33507767592988, 34.044095205738664], [-118.300898, 34.04131046376812], [-118.26671832407013, 34.044095205738664], [-118.23385215391805, 34.052342415578075], [-118.20356251803116, 34.06573515763731], [-118.17701343012996, 34.08375875634978], [-118.1552251567736, 34.105720574924696], [-118.13903500908816, 34.13077663299057], [-118.12906516536965, 34.15796404028752], [-118.12569876112103, 34.186238]]]}, "properties": {"tier": "5", "tier_color": "#9e9e9e", "n_arrests": 1, "county": "Burbank", "state": "California", "label": "5: 1 Reddit post", "examples": [{"title": "Noche de Loter\u00eda fundraiser to support local families affected by ICE raids and kidnappings!", "subreddit": "burbank", "permalink": "https://reddit.com/r/burbank/comments/1te7gco/noche_de_loter\u00eda_fundraiser_to_support_local/", "score": 34, "date": "2026-05-15"}], "kind": "ring"}}, {"type": "Feature", "geometry": {"type": "Point", "coordinates": [-118.300898, 34.186238]}, "properties": {"tier": "5", "tier_color": "#9e9e9e", "n_arrests": 1, "county": "Burbank", "state": "California", "label": "5: 1 Reddit post", "examples": [{"title": "Noche de Loter\u00eda fundraiser to support local families affected by ICE raids and kidnappings!", "subreddit": "burbank", "permalink": "https://reddit.com/r/burbank/comments/1te7gco/noche_de_loter\u00eda_fundraiser_to_support_local/", "score": 34, "date": "2026-05-15"}], "kind": "marker"}}, {"type": "Feature", "geometry": {"type": "Polygon", "coordinates": [[[-122.11547941830673, 47.611435], [-122.11961013304384, 47.63970895971248], [-122.13184353620434, 47.666896367009436], [-122.15170950496537, 47.69195242507531], [-122.17844460128838, 47.71391424365022], [-122.21102141041492, 47.73193784236269], [-122.2481880238395, 47.74533058442193], [-122.28851614945152, 47.75357779426134], [-122.330456, 47.75636253623188], [-122.37239585054847, 47.75357779426134], [-122.41272397616049, 47.74533058442193], [-122.44989058958508, 47.73193784236269], [-122.48246739871162, 47.71391424365022], [-122.50920249503463, 47.69195242507531], [-122.52906846379565, 47.666896367009436], [-122.54130186695616, 47.639708959712486], [-122.54543258169326, 47.611435], [-122.54130186695616, 47.583161040287514], [-122.52906846379565, 47.555973632990565], [-122.50920249503463, 47.53091757492469], [-122.48246739871162, 47.50895575634978], [-122.44989058958508, 47.49093215763731], [-122.41272397616049, 47.47753941557807], [-122.37239585054847, 47.46929220573866], [-122.330456, 47.46650746376812], [-122.28851614945152, 47.46929220573866], [-122.2481880238395, 47.47753941557807], [-122.21102141041492, 47.49093215763731], [-122.17844460128838, 47.50895575634978], [-122.15170950496537, 47.53091757492469], [-122.13184353620434, 47.555973632990565], [-122.11961013304384, 47.583161040287514], [-122.11547941830673, 47.611435]]]}, "properties": {"tier": "5", "tier_color": "#9e9e9e", "n_arrests": 1, "county": "Seattle", "state": "Washington", "label": "5: 1 Reddit post", "examples": [{"title": "What just happened to me?", "subreddit": "BPDlovedones", "permalink": "https://reddit.com/r/BPDlovedones/comments/1tdse32/what_just_happened_to_me/", "score": 2, "date": "2026-05-15"}], "kind": "ring"}}, {"type": "Feature", "geometry": {"type": "Point", "coordinates": [-122.330456, 47.611435]}, "properties": {"tier": "5", "tier_color": "#9e9e9e", "n_arrests": 1, "county": "Seattle", "state": "Washington", "label": "5: 1 Reddit post", "examples": [{"title": "What just happened to me?", "subreddit": "BPDlovedones", "permalink": "https://reddit.com/r/BPDlovedones/comments/1tdse32/what_just_happened_to_me/", "score": 2, "date": "2026-05-15"}], "kind": "marker"}}, {"type": "Feature", "geometry": {"type": "Polygon", "coordinates": [[[-117.86232250161949, 34.001119], [-117.86568155161676, 34.02939295971248], [-117.87562961520095, 34.05658036700944], [-117.89178439386747, 34.08163642507531], [-117.91352506853185, 34.103598243650225], [-117.94001615725907, 34.12162184236269], [-117.9702396223657, 34.13501458442193], [-118.0030339930372, 34.14326179426134], [-118.037139, 34.146046536231886], [-118.07124400696279, 34.14326179426134], [-118.1040383776343, 34.13501458442193], [-118.13426184274093, 34.12162184236269], [-118.16075293146814, 34.103598243650225], [-118.18249360613252, 34.08163642507531], [-118.19864838479904, 34.05658036700944], [-118.20859644838323, 34.02939295971249], [-118.2119554983805, 34.001119], [-118.20859644838323, 33.97284504028752], [-118.19864838479904, 33.94565763299057], [-118.18249360613252, 33.920601574924696], [-118.16075293146814, 33.89863975634978], [-118.13426184274093, 33.88061615763731], [-118.1040383776343, 33.867223415578074], [-118.07124400696279, 33.858976205738664], [-118.037139, 33.85619146376812], [-118.0030339930372, 33.858976205738664], [-117.9702396223657, 33.867223415578074], [-117.94001615725907, 33.88061615763731], [-117.91352506853185, 33.89863975634978], [-117.89178439386747, 33.920601574924696], [-117.87562961520095, 33.94565763299057], [-117.86568155161676, 33.97284504028752], [-117.86232250161949, 34.001119]]]}, "properties": {"tier": "5", "tier_color": "#9e9e9e", "n_arrests": 1, "county": "Whittier", "state": "California", "label": "5: 1 Reddit post", "examples": [{"title": "How immigrant organizing flipped Nixon\u2019s hometown", "subreddit": "Whittier", "permalink": "https://reddit.com/r/Whittier/comments/1tagiuc/how_immigrant_organizing_flipped_nixons_hometown/", "score": 52, "date": "2026-05-11"}], "kind": "ring"}}, {"type": "Feature", "geometry": {"type": "Point", "coordinates": [-118.037139, 34.001119]}, "properties": {"tier": "5", "tier_color": "#9e9e9e", "n_arrests": 1, "county": "Whittier", "state": "California", "label": "5: 1 Reddit post", "examples": [{"title": "How immigrant organizing flipped Nixon\u2019s hometown", "subreddit": "Whittier", "permalink": "https://reddit.com/r/Whittier/comments/1tagiuc/how_immigrant_organizing_flipped_nixons_hometown/", "score": 52, "date": "2026-05-11"}], "kind": "marker"}}, {"type": "Feature", "geometry": {"type": "Polygon", "coordinates": [[[-117.68336180898754, 33.75016], [-117.68671099592767, 33.77843395971248], [-117.69662984937219, 33.80562136700944], [-117.71273719334577, 33.83067742507531], [-117.73441403165263, 33.85263924365022], [-117.76082733555315, 33.87066284236269], [-117.79096205659117, 33.88405558442193], [-117.82366013433693, 33.89230279426134], [-117.857665, 33.895087536231884], [-117.89166986566306, 33.89230279426134], [-117.92436794340882, 33.88405558442193], [-117.95450266444685, 33.87066284236269], [-117.98091596834736, 33.85263924365022], [-118.00259280665422, 33.83067742507531], [-118.01870015062781, 33.80562136700944], [-118.02861900407233, 33.77843395971249], [-118.03196819101245, 33.75016], [-118.02861900407233, 33.721886040287515], [-118.01870015062781, 33.694698632990566], [-118.00259280665422, 33.669642574924694], [-117.98091596834736, 33.64768075634978], [-117.95450266444685, 33.62965715763731], [-117.92436794340882, 33.61626441557807], [-117.89166986566306, 33.60801720573866], [-117.857665, 33.60523246376812], [-117.82366013433693, 33.60801720573866], [-117.79096205659117, 33.61626441557807], [-117.76082733555315, 33.62965715763731], [-117.73441403165263, 33.64768075634978], [-117.71273719334577, 33.669642574924694], [-117.69662984937219, 33.694698632990566], [-117.68671099592767, 33.721886040287515], [-117.68336180898754, 33.75016]]]}, "properties": {"tier": "5", "tier_color": "#9e9e9e", "n_arrests": 1, "county": "Santa Ana", "state": "California", "label": "5: 1 Reddit post", "examples": [{"title": "Many Orange County Cities Stay Silent on ICE Raids", "subreddit": "orangecounty", "permalink": "https://reddit.com/r/orangecounty/comments/1ta7opj/many_orange_county_cities_stay_silent_on_ice_raids/", "score": 160, "date": "2026-05-11"}], "kind": "ring"}}, {"type": "Feature", "geometry": {"type": "Point", "coordinates": [-117.857665, 33.75016]}, "properties": {"tier": "5", "tier_color": "#9e9e9e", "n_arrests": 1, "county": "Santa Ana", "state": "California", "label": "5: 1 Reddit post", "examples": [{"title": "Many Orange County Cities Stay Silent on ICE Raids", "subreddit": "orangecounty", "permalink": "https://reddit.com/r/orangecounty/comments/1ta7opj/many_orange_county_cities_stay_silent_on_ice_raids/", "score": 160, "date": "2026-05-11"}], "kind": "marker"}}, {"type": "Feature", "geometry": {"type": "Polygon", "coordinates": [[[-106.46517329882144, 35.0936], [-106.46857673871769, 35.12187395971248], [-106.47865626611988, 35.14906136700944], [-106.49502453044263, 35.17411742507531], [-106.51705250846744, 35.196079243650225], [-106.54389367735223, 35.21410284236269], [-106.57451654602949, 35.22749558442193], [-106.60774429482943, 35.23574279426134], [-106.6423, 35.238527536231885], [-106.67685570517058, 35.23574279426134], [-106.71008345397053, 35.22749558442193], [-106.74070632264778, 35.21410284236269], [-106.76754749153257, 35.196079243650225], [-106.78957546955738, 35.17411742507531], [-106.80594373388013, 35.14906136700944], [-106.81602326128233, 35.12187395971249], [-106.81942670117857, 35.0936], [-106.81602326128233, 35.065326040287516], [-106.80594373388013, 35.03813863299057], [-106.78957546955738, 35.013082574924695], [-106.76754749153257, 34.99112075634978], [-106.74070632264778, 34.97309715763731], [-106.71008345397053, 34.959704415578074], [-106.67685570517058, 34.95145720573866], [-106.6423, 34.94867246376812], [-106.60774429482943, 34.95145720573866], [-106.57451654602949, 34.959704415578074], [-106.54389367735223, 34.97309715763731], [-106.51705250846744, 34.99112075634978], [-106.49502453044263, 35.013082574924695], [-106.47865626611988, 35.03813863299057], [-106.46857673871769, 35.065326040287516], [-106.46517329882144, 35.0936]]]}, "properties": {"tier": "5", "tier_color": "#9e9e9e", "n_arrests": 1, "county": "ALBUQUERQUE", "state": "New Mexico", "label": "5: 1 Reddit post", "examples": [{"title": "ALBUQUERQUE, NM: 6 agents have detained a young hispanic male. 2 agents are wearing a face mask.", "subreddit": "WhereAreTheChildren", "permalink": "https://reddit.com/r/WhereAreTheChildren/comments/1t7olbu/albuquerque_nm_6_agents_have_detained_a_young/", "score": 50, "date": "2026-05-08"}], "kind": "ring"}}, {"type": "Feature", "geometry": {"type": "Point", "coordinates": [-106.6423, 35.0936]}, "properties": {"tier": "5", "tier_color": "#9e9e9e", "n_arrests": 1, "county": "ALBUQUERQUE", "state": "New Mexico", "label": "5: 1 Reddit post", "examples": [{"title": "ALBUQUERQUE, NM: 6 agents have detained a young hispanic male. 2 agents are wearing a face mask.", "subreddit": "WhereAreTheChildren", "permalink": "https://reddit.com/r/WhereAreTheChildren/comments/1t7olbu/albuquerque_nm_6_agents_have_detained_a_young/", "score": 50, "date": "2026-05-08"}], "kind": "marker"}}, {"type": "Feature", "geometry": {"type": "Polygon", "coordinates": [[[-116.98705721552584, 32.71852], [-116.9903671197676, 32.74679395971248], [-117.00016963472905, 32.77398136700943], [-117.01608805525757, 32.799037425075305], [-117.03751064537937, 32.82099924365022], [-117.06361414697002, 32.83902284236269], [-117.0933954171024, 32.85241558442193], [-117.12570997826683, 32.86066279426134], [-117.159316, 32.86344753623188], [-117.19292202173318, 32.86066279426134], [-117.22523658289761, 32.85241558442193], [-117.25501785302998, 32.83902284236269], [-117.28112135462064, 32.82099924365022], [-117.30254394474244, 32.799037425075305], [-117.31846236527096, 32.77398136700943], [-117.32826488023241, 32.746793959712484], [-117.33157478447417, 32.71852], [-117.32826488023241, 32.69024604028751], [-117.31846236527096, 32.66305863299056], [-117.30254394474244, 32.63800257492469], [-117.28112135462064, 32.616040756349776], [-117.25501785302998, 32.59801715763731], [-117.22523658289761, 32.58462441557807], [-117.19292202173318, 32.57637720573866], [-117.159316, 32.573592463768115], [-117.12570997826683, 32.57637720573866], [-117.0933954171024, 32.58462441557807], [-117.06361414697002, 32.59801715763731], [-117.03751064537937, 32.616040756349776], [-117.01608805525757, 32.63800257492469], [-117.00016963472905, 32.66305863299056], [-116.9903671197676, 32.69024604028751], [-116.98705721552584, 32.71852]]]}, "properties": {"tier": "5", "tier_color": "#9e9e9e", "n_arrests": 1, "county": "San Diego", "state": "California", "label": "5: 1 Reddit post", "examples": [{"title": "Remember that \"ICE raid\" people were up in arms about?", "subreddit": "sandiego", "permalink": "https://reddit.com/r/sandiego/comments/1t6tfq5/remember_that_ice_raid_people_were_up_in_arms/", "score": 0, "date": "2026-05-08"}], "kind": "ring"}}, {"type": "Feature", "geometry": {"type": "Point", "coordinates": [-117.159316, 32.71852]}, "properties": {"tier": "5", "tier_color": "#9e9e9e", "n_arrests": 1, "county": "San Diego", "state": "California", "label": "5: 1 Reddit post", "examples": [{"title": "Remember that \"ICE raid\" people were up in arms about?", "subreddit": "sandiego", "permalink": "https://reddit.com/r/sandiego/comments/1t6tfq5/remember_that_ice_raid_people_were_up_in_arms/", "score": 0, "date": "2026-05-08"}], "kind": "marker"}}, {"type": "Feature", "geometry": {"type": "Polygon", "coordinates": [[[-73.8467895176257, 40.7164], [-73.85046357342847, 40.74467395971248], [-73.86134454893276, 40.771861367009436], [-73.87901429435205, 40.79691742507531], [-73.90279377127918, 40.81887924365022], [-73.93176914775151, 40.83690284236269], [-73.96482691630081, 40.85029558442193], [-74.00069668542073, 40.85854279426134], [-74.038, 40.86132753623188], [-74.07530331457926, 40.85854279426134], [-74.11117308369919, 40.85029558442193], [-74.14423085224848, 40.83690284236269], [-74.17320622872082, 40.81887924365022], [-74.19698570564795, 40.79691742507531], [-74.21465545106723, 40.771861367009436], [-74.22553642657152, 40.744673959712486], [-74.2292104823743, 40.7164], [-74.22553642657152, 40.688126040287514], [-74.21465545106723, 40.660938632990565], [-74.19698570564795, 40.63588257492469], [-74.17320622872082, 40.61392075634978], [-74.14423085224848, 40.59589715763731], [-74.11117308369919, 40.58250441557807], [-74.07530331457926, 40.57425720573866], [-74.038, 40.57147246376812], [-74.00069668542073, 40.57425720573866], [-73.96482691630081, 40.58250441557807], [-73.93176914775151, 40.59589715763731], [-73.90279377127918, 40.61392075634978], [-73.87901429435205, 40.63588257492469], [-73.86134454893276, 40.660938632990565], [-73.85046357342847, 40.688126040287514], [-73.8467895176257, 40.7164]]]}, "properties": {"tier": "5", "tier_color": "#9e9e9e", "n_arrests": 1, "county": "Jersey City", "state": "New Jersey", "label": "5: 1 Reddit post", "examples": [{"title": "(Attempt four cause I keep fucking this up, sorry mods) Why are some loud Republican, pro-Israel, pro-ICE accounts pushing Mussab Ali against Rob Menendez Jr.?", "subreddit": "jerseycity", "permalink": "https://reddit.com/r/jerseycity/comments/1t4zu2j/attempt_four_cause_i_keep_fucking_this_up_sorry/", "score": 5, "date": "2026-05-06"}], "kind": "ring"}}, {"type": "Feature", "geometry": {"type": "Point", "coordinates": [-74.038, 40.7164]}, "properties": {"tier": "5", "tier_color": "#9e9e9e", "n_arrests": 1, "county": "Jersey City", "state": "New Jersey", "label": "5: 1 Reddit post", "examples": [{"title": "(Attempt four cause I keep fucking this up, sorry mods) Why are some loud Republican, pro-Israel, pro-ICE accounts pushing Mussab Ali against Rob Menendez Jr.?", "subreddit": "jerseycity", "permalink": "https://reddit.com/r/jerseycity/comments/1t4zu2j/attempt_four_cause_i_keep_fucking_this_up_sorry/", "score": 5, "date": "2026-05-06"}], "kind": "marker"}}, {"type": "Feature", "geometry": {"type": "Polygon", "coordinates": [[[-118.01415544263139, 33.7705], [-118.01750542441445, 33.79877395971248], [-118.0274266318424, 33.825961367009434], [-118.04353779847767, 33.851017425075305], [-118.0652197812217, 33.87297924365022], [-118.09163935363702, 33.89100284236269], [-118.12178122637201, 33.90439558442193], [-118.1544870641612, 33.91264279426134], [-118.1885, 33.91542753623188], [-118.22251293583881, 33.91264279426134], [-118.255218773628, 33.90439558442193], [-118.28536064636299, 33.89100284236269], [-118.31178021877831, 33.87297924365022], [-118.33346220152234, 33.851017425075305], [-118.3495733681576, 33.825961367009434], [-118.35949457558556, 33.798773959712484], [-118.36284455736862, 33.7705], [-118.35949457558556, 33.74222604028751], [-118.3495733681576, 33.71503863299056], [-118.33346220152234, 33.68998257492469], [-118.31178021877831, 33.668020756349776], [-118.28536064636299, 33.64999715763731], [-118.255218773628, 33.63660441557807], [-118.22251293583881, 33.62835720573866], [-118.1885, 33.625572463768115], [-118.1544870641612, 33.62835720573866], [-118.12178122637201, 33.63660441557807], [-118.09163935363702, 33.64999715763731], [-118.0652197812217, 33.668020756349776], [-118.04353779847767, 33.68998257492469], [-118.0274266318424, 33.71503863299056], [-118.01750542441445, 33.74222604028751], [-118.01415544263139, 33.7705]]]}, "properties": {"tier": "5", "tier_color": "#9e9e9e", "n_arrests": 1, "county": "Long Beach", "state": "California", "label": "5: 1 Reddit post", "examples": [{"title": "Mother's Day Gift Sale Fundraiser! Saturday, May 9th at Ambitious Ales.", "subreddit": "longbeach", "permalink": "https://reddit.com/r/longbeach/comments/1t38off/mothers_day_gift_sale_fundraiser_saturday_may_9th/", "score": 20, "date": "2026-05-04"}], "kind": "ring"}}, {"type": "Feature", "geometry": {"type": "Point", "coordinates": [-118.1885, 33.7705]}, "properties": {"tier": "5", "tier_color": "#9e9e9e", "n_arrests": 1, "county": "Long Beach", "state": "California", "label": "5: 1 Reddit post", "examples": [{"title": "Mother's Day Gift Sale Fundraiser! Saturday, May 9th at Ambitious Ales.", "subreddit": "longbeach", "permalink": "https://reddit.com/r/longbeach/comments/1t38off/mothers_day_gift_sale_fundraiser_saturday_may_9th/", "score": 20, "date": "2026-05-04"}], "kind": "marker"}}, {"type": "Feature", "geometry": {"type": "Polygon", "coordinates": [[[-111.89480044158086, 33.451], [-111.89813802988996, 33.47927395971248], [-111.90802253317031, 33.506461367009436], [-111.92407409550411, 33.53151742507531], [-111.94567586435272, 33.55347924365022], [-111.97199769585367, 33.57150284236269], [-112.00202805678386, 33.58489558442193], [-112.03461289721395, 33.59314279426134], [-112.0685, 33.59592753623188], [-112.10238710278605, 33.59314279426134], [-112.13497194321614, 33.58489558442193], [-112.16500230414633, 33.57150284236269], [-112.19132413564728, 33.55347924365022], [-112.21292590449589, 33.53151742507531], [-112.22897746682969, 33.506461367009436], [-112.23886197011004, 33.479273959712486], [-112.24219955841914, 33.451], [-112.23886197011004, 33.422726040287515], [-112.22897746682969, 33.395538632990565], [-112.21292590449589, 33.370482574924694], [-112.19132413564728, 33.34852075634978], [-112.16500230414633, 33.33049715763731], [-112.13497194321614, 33.31710441557807], [-112.10238710278605, 33.30885720573866], [-112.0685, 33.30607246376812], [-112.03461289721395, 33.30885720573866], [-112.00202805678386, 33.31710441557807], [-111.97199769585367, 33.33049715763731], [-111.94567586435272, 33.34852075634978], [-111.92407409550411, 33.370482574924694], [-111.90802253317031, 33.395538632990565], [-111.89813802988996, 33.422726040287515], [-111.89480044158086, 33.451]]]}, "properties": {"tier": "5", "tier_color": "#9e9e9e", "n_arrests": 1, "county": "Phoenix", "state": "Arizona", "label": "5: 1 Reddit post", "examples": [{"title": "Free Online Training: Immigration Enforcement Safety Planning for Schools | May 18, 5:30 PM | Online", "subreddit": "AZAdvocacyHub", "permalink": "https://reddit.com/r/AZAdvocacyHub/comments/1tfuj6o/free_online_training_immigration_enforcement/", "score": 2, "date": "2026-05-17"}], "kind": "ring"}}, {"type": "Feature", "geometry": {"type": "Point", "coordinates": [-112.0685, 33.451]}, "properties": {"tier": "5", "tier_color": "#9e9e9e", "n_arrests": 1, "county": "Phoenix", "state": "Arizona", "label": "5: 1 Reddit post", "examples": [{"title": "Free Online Training: Immigration Enforcement Safety Planning for Schools | May 18, 5:30 PM | Online", "subreddit": "AZAdvocacyHub", "permalink": "https://reddit.com/r/AZAdvocacyHub/comments/1tfuj6o/free_online_training_immigration_enforcement/", "score": 2, "date": "2026-05-17"}], "kind": "marker"}}, {"type": "Feature", "geometry": {"type": "Polygon", "coordinates": [[[-76.46134521744216, 39.17185], [-76.46493725137492, 39.20012395971248], [-76.47557531332363, 39.227311367009435], [-76.49285058853349, 39.252367425075306], [-76.51609919786624, 39.27432924365022], [-76.54442771030324, 39.29235284236269], [-76.5767474769983, 39.30574558442193], [-76.61181646744252, 39.31399279426134], [-76.648287, 39.31677753623188], [-76.68475753255747, 39.31399279426134], [-76.71982652300169, 39.30574558442193], [-76.75214628969675, 39.29235284236269], [-76.78047480213375, 39.27432924365022], [-76.8037234114665, 39.252367425075306], [-76.82099868667636, 39.227311367009435], [-76.83163674862507, 39.200123959712485], [-76.83522878255783, 39.17185], [-76.83163674862507, 39.14357604028751], [-76.82099868667636, 39.116388632990564], [-76.8037234114665, 39.09133257492469], [-76.78047480213375, 39.06937075634978], [-76.75214628969675, 39.05134715763731], [-76.71982652300169, 39.03795441557807], [-76.68475753255747, 39.02970720573866], [-76.648287, 39.026922463768116], [-76.61181646744252, 39.02970720573866], [-76.5767474769983, 39.03795441557807], [-76.54442771030324, 39.05134715763731], [-76.51609919786624, 39.06937075634978], [-76.49285058853349, 39.09133257492469], [-76.47557531332363, 39.116388632990564], [-76.46493725137492, 39.14357604028751], [-76.46134521744216, 39.17185]]]}, "properties": {"tier": "5", "tier_color": "#9e9e9e", "n_arrests": 1, "county": "Baltimore", "state": "Maryland", "label": "5: 1 Reddit post", "examples": [{"title": "Hoosiers flew to Big 10 Championship on ICE Deportation Plane", "subreddit": "IndianaHoosiers", "permalink": "https://reddit.com/r/IndianaHoosiers/comments/1tc9lom/hoosiers_flew_to_big_10_championship_on_ice/", "score": 0, "date": "2026-05-13"}], "kind": "ring"}}, {"type": "Feature", "geometry": {"type": "Point", "coordinates": [-76.648287, 39.17185]}, "properties": {"tier": "5", "tier_color": "#9e9e9e", "n_arrests": 1, "county": "Baltimore", "state": "Maryland", "label": "5: 1 Reddit post", "examples": [{"title": "Hoosiers flew to Big 10 Championship on ICE Deportation Plane", "subreddit": "IndianaHoosiers", "permalink": "https://reddit.com/r/IndianaHoosiers/comments/1tc9lom/hoosiers_flew_to_big_10_championship_on_ice/", "score": 0, "date": "2026-05-13"}], "kind": "marker"}}, {"type": "Feature", "geometry": {"type": "Polygon", "coordinates": [[[-83.72357205143437, 33.838889], [-83.7269247115802, 33.86716295971248], [-83.73685385116846, 33.89435036700944], [-83.75297789893312, 33.91940642507531], [-83.77467721676103, 33.941368243650224], [-83.80111791203721, 33.95939184236269], [-83.8312838836703, 33.97278458442193], [-83.86401587028769, 33.98103179426134], [-83.898056, 33.983816536231885], [-83.9320961297123, 33.98103179426134], [-83.9648281163297, 33.97278458442193], [-83.99499408796278, 33.95939184236269], [-84.02143478323896, 33.941368243650224], [-84.04313410106687, 33.91940642507531], [-84.05925814883153, 33.89435036700944], [-84.0691872884198, 33.86716295971249], [-84.07253994856562, 33.838889], [-84.0691872884198, 33.810615040287516], [-84.05925814883153, 33.783427632990566], [-84.04313410106687, 33.758371574924695], [-84.02143478323896, 33.73640975634978], [-83.99499408796278, 33.71838615763731], [-83.9648281163297, 33.70499341557807], [-83.9320961297123, 33.69674620573866], [-83.898056, 33.69396146376812], [-83.86401587028769, 33.69674620573866], [-83.8312838836703, 33.70499341557807], [-83.80111791203721, 33.71838615763731], [-83.77467721676103, 33.73640975634978], [-83.75297789893312, 33.758371574924695], [-83.73685385116846, 33.783427632990566], [-83.7269247115802, 33.810615040287516], [-83.72357205143437, 33.838889]]]}, "properties": {"tier": "5", "tier_color": "#9e9e9e", "n_arrests": 1, "county": "Loganville", "state": "Georgia", "label": "5: 1 Reddit post", "examples": [{"title": "ICE OMNIBUS. MAY 11, 2026. RODNEY TAYLOR. JOBS. 911. SC SILENCE. FEAR. \ud83d\udc80\ud83d\udea8\ud83d\ude24", "subreddit": "u_Historical-Ease-6311", "permalink": "https://reddit.com/r/u_Historical-Ease-6311/comments/1taek1u/ice_omnibus_may_11_2026_rodney_taylor_jobs_911_sc/", "score": 2, "date": "2026-05-11"}], "kind": "ring"}}, {"type": "Feature", "geometry": {"type": "Point", "coordinates": [-83.898056, 33.838889]}, "properties": {"tier": "5", "tier_color": "#9e9e9e", "n_arrests": 1, "county": "Loganville", "state": "Georgia", "label": "5: 1 Reddit post", "examples": [{"title": "ICE OMNIBUS. MAY 11, 2026. RODNEY TAYLOR. JOBS. 911. SC SILENCE. FEAR. \ud83d\udc80\ud83d\udea8\ud83d\ude24", "subreddit": "u_Historical-Ease-6311", "permalink": "https://reddit.com/r/u_Historical-Ease-6311/comments/1taek1u/ice_omnibus_may_11_2026_rodney_taylor_jobs_911_sc/", "score": 2, "date": "2026-05-11"}], "kind": "marker"}}, {"type": "Feature", "geometry": {"type": "Polygon", "coordinates": [[[-87.7168258781413, 43.0343], [-87.7206356597961, 43.06257395971248], [-87.7319185969881, 43.08976136700944], [-87.7502410927685, 43.11481742507531], [-87.77489902389989, 43.136779243650224], [-87.8049447999172, 43.15480284236269], [-87.83922377849794, 43.16819558442193], [-87.87641863771911, 43.17644279426134], [-87.9151, 43.179227536231885], [-87.95378136228088, 43.17644279426134], [-87.99097622150205, 43.16819558442193], [-88.0252552000828, 43.15480284236269], [-88.0553009761001, 43.136779243650224], [-88.07995890723149, 43.11481742507531], [-88.0982814030119, 43.08976136700944], [-88.10956434020389, 43.06257395971249], [-88.1133741218587, 43.0343], [-88.10956434020389, 43.006026040287516], [-88.0982814030119, 42.978838632990566], [-88.07995890723149, 42.953782574924695], [-88.0553009761001, 42.93182075634978], [-88.0252552000828, 42.91379715763731], [-87.99097622150205, 42.90040441557807], [-87.95378136228088, 42.89215720573866], [-87.9151, 42.88937246376812], [-87.87641863771911, 42.89215720573866], [-87.83922377849794, 42.90040441557807], [-87.8049447999172, 42.91379715763731], [-87.77489902389989, 42.93182075634978], [-87.7502410927685, 42.953782574924695], [-87.7319185969881, 42.978838632990566], [-87.7206356597961, 43.006026040287516], [-87.7168258781413, 43.0343]]]}, "properties": {"tier": "5", "tier_color": "#9e9e9e", "n_arrests": 1, "county": "Milwaukee", "state": "Wisconsin", "label": "5: 1 Reddit post", "examples": [{"title": "Verified ICE activity reported by Voces del la Frontera in and around the Meadowlands Apartments on Milwaukee St", "subreddit": "madisonwi", "permalink": "https://reddit.com/r/madisonwi/comments/1t6bpo6/verified_ice_activity_reported_by_voces_del_la/", "score": 306, "date": "2026-05-07"}], "kind": "ring"}}, {"type": "Feature", "geometry": {"type": "Point", "coordinates": [-87.9151, 43.0343]}, "properties": {"tier": "5", "tier_color": "#9e9e9e", "n_arrests": 1, "county": "Milwaukee", "state": "Wisconsin", "label": "5: 1 Reddit post", "examples": [{"title": "Verified ICE activity reported by Voces del la Frontera in and around the Meadowlands Apartments on Milwaukee St", "subreddit": "madisonwi", "permalink": "https://reddit.com/r/madisonwi/comments/1t6bpo6/verified_ice_activity_reported_by_voces_del_la/", "score": 306, "date": "2026-05-07"}], "kind": "marker"}}, {"type": "Feature", "geometry": {"type": "Polygon", "coordinates": [[[-80.66588279143981, 35.2269], [-80.66929181335394, 35.25517395971248], [-80.67938787229595, 35.282361367009436], [-80.69578298238265, 35.30741742507531], [-80.71784708872791, 35.32937924365022], [-80.74473228009853, 35.34740284236269], [-80.77540537366755, 35.36079558442193], [-80.80868761965078, 35.36904279426134], [-80.8433, 35.37182753623188], [-80.87791238034922, 35.36904279426134], [-80.91119462633245, 35.36079558442193], [-80.94186771990147, 35.34740284236269], [-80.96875291127209, 35.32937924365022], [-80.99081701761735, 35.30741742507531], [-81.00721212770405, 35.282361367009436], [-81.01730818664606, 35.25517395971249], [-81.02071720856019, 35.2269], [-81.01730818664606, 35.198626040287515], [-81.00721212770405, 35.171438632990565], [-80.99081701761735, 35.146382574924694], [-80.96875291127209, 35.12442075634978], [-80.94186771990147, 35.10639715763731], [-80.91119462633245, 35.09300441557807], [-80.87791238034922, 35.08475720573866], [-80.8433, 35.08197246376812], [-80.80868761965078, 35.08475720573866], [-80.77540537366755, 35.09300441557807], [-80.74473228009853, 35.10639715763731], [-80.71784708872791, 35.12442075634978], [-80.69578298238265, 35.146382574924694], [-80.67938787229595, 35.171438632990565], [-80.66929181335394, 35.198626040287515], [-80.66588279143981, 35.2269]]]}, "properties": {"tier": "5", "tier_color": "#9e9e9e", "n_arrests": 1, "county": "Charlotte", "state": "North Carolina", "label": "5: 1 Reddit post", "examples": [{"title": "Migrant Accused of Murdering His 8-Month-Old Son in North Carolina", "subreddit": "UsaNewsLive", "permalink": "https://reddit.com/r/UsaNewsLive/comments/1th2dri/migrant_accused_of_murdering_his_8monthold_son_in/", "score": 1, "date": "2026-05-18"}], "kind": "ring"}}, {"type": "Feature", "geometry": {"type": "Point", "coordinates": [-80.8433, 35.2269]}, "properties": {"tier": "5", "tier_color": "#9e9e9e", "n_arrests": 1, "county": "Charlotte", "state": "North Carolina", "label": "5: 1 Reddit post", "examples": [{"title": "Migrant Accused of Murdering His 8-Month-Old Son in North Carolina", "subreddit": "UsaNewsLive", "permalink": "https://reddit.com/r/UsaNewsLive/comments/1th2dri/migrant_accused_of_murdering_his_8monthold_son_in/", "score": 1, "date": "2026-05-18"}], "kind": "marker"}}, {"type": "Feature", "geometry": {"type": "Polygon", "coordinates": [[[-91.19414934568199, 31.54924], [-91.19741709032803, 31.577513959712483], [-91.20709474667198, 31.604701367009433], [-91.22281040780784, 31.629757425075304], [-91.24396012969159, 31.651719243650227], [-91.26973114037214, 31.669742842362687], [-91.2991330743616, 31.683135584421926], [-91.33103603182555, 31.69138279426134], [-91.364214, 31.694167536231884], [-91.39739196817446, 31.69138279426134], [-91.4292949256384, 31.683135584421926], [-91.45869685962786, 31.669742842362687], [-91.48446787030842, 31.651719243650227], [-91.50561759219217, 31.629757425075304], [-91.52133325332802, 31.604701367009433], [-91.53101090967198, 31.577513959712483], [-91.53427865431802, 31.54924], [-91.53101090967198, 31.52096604028752], [-91.52133325332802, 31.49377863299057], [-91.50561759219217, 31.468722574924698], [-91.48446787030842, 31.446760756349775], [-91.45869685962786, 31.428737157637315], [-91.4292949256384, 31.415344415578076], [-91.39739196817446, 31.407097205738662], [-91.364214, 31.404312463768118], [-91.33103603182555, 31.407097205738662], [-91.2991330743616, 31.415344415578076], [-91.26973114037214, 31.428737157637315], [-91.24396012969159, 31.446760756349775], [-91.22281040780784, 31.468722574924698], [-91.20709474667198, 31.49377863299057], [-91.19741709032803, 31.52096604028752], [-91.19414934568199, 31.54924]]]}, "properties": {"tier": "5", "tier_color": "#9e9e9e", "n_arrests": 1, "county": "Natchez", "state": "Mississippi", "label": "5: 1 Reddit post", "examples": [{"title": "LGBTQIA+ ROUNDUP. MAY 9-10, 2026. VATICAN. GAY COUPLE. SMITH COLLEGE. DEATH THREATS. SCOTUS. \ud83c\udff3\ufe0f\u200d\ud83c\udf08\ud83d\udc80\ud83d\ude24", "subreddit": "u_Historical-Ease-6311", "permalink": "https://reddit.com/r/u_Historical-Ease-6311/comments/1t9jfm3/lgbtqia_roundup_may_910_2026_vatican_gay_couple/", "score": 1, "date": "2026-05-10"}], "kind": "ring"}}, {"type": "Feature", "geometry": {"type": "Point", "coordinates": [-91.364214, 31.54924]}, "properties": {"tier": "5", "tier_color": "#9e9e9e", "n_arrests": 1, "county": "Natchez", "state": "Mississippi", "label": "5: 1 Reddit post", "examples": [{"title": "LGBTQIA+ ROUNDUP. MAY 9-10, 2026. VATICAN. GAY COUPLE. SMITH COLLEGE. DEATH THREATS. SCOTUS. \ud83c\udff3\ufe0f\u200d\ud83c\udf08\ud83d\udc80\ud83d\ude24", "subreddit": "u_Historical-Ease-6311", "permalink": "https://reddit.com/r/u_Historical-Ease-6311/comments/1t9jfm3/lgbtqia_roundup_may_910_2026_vatican_gay_couple/", "score": 1, "date": "2026-05-10"}], "kind": "marker"}}, {"type": "Feature", "geometry": {"type": "Polygon", "coordinates": [[[-116.91119258200368, 32.64], [-116.914499577781, 32.66827395971248], [-116.92429347911983, 32.695461367009436], [-116.9401979118842, 32.72051742507531], [-116.96160167764229, 32.74247924365022], [-116.98768224167938, 32.76050284236269], [-117.01743734254568, 32.77389558442193], [-117.04972350840173, 32.78214279426134], [-117.0833, 32.78492753623188], [-117.11687649159826, 32.78214279426134], [-117.14916265745431, 32.77389558442193], [-117.17891775832061, 32.76050284236269], [-117.2049983223577, 32.74247924365022], [-117.22640208811579, 32.72051742507531], [-117.24230652088016, 32.695461367009436], [-117.25210042221899, 32.66827395971249], [-117.25540741799631, 32.64], [-117.25210042221899, 32.611726040287515], [-117.24230652088016, 32.584538632990565], [-117.22640208811579, 32.559482574924694], [-117.2049983223577, 32.53752075634978], [-117.17891775832061, 32.51949715763731], [-117.14916265745431, 32.50610441557807], [-117.11687649159826, 32.49785720573866], [-117.0833, 32.49507246376812], [-117.04972350840173, 32.49785720573866], [-117.01743734254568, 32.50610441557807], [-116.98768224167938, 32.51949715763731], [-116.96160167764229, 32.53752075634978], [-116.9401979118842, 32.559482574924694], [-116.92429347911983, 32.584538632990565], [-116.914499577781, 32.611726040287515], [-116.91119258200368, 32.64]]]}, "properties": {"tier": "5", "tier_color": "#9e9e9e", "n_arrests": 1, "county": "Chula Vista", "state": "California", "label": "5: 1 Reddit post", "examples": [{"title": "Chula Vista, CA: Collateral Cruelty, ICE Detains Six in Abandons Dog in Locked Car", "subreddit": "EyesOnIce", "permalink": "https://reddit.com/r/EyesOnIce/comments/1t4ruqg/chula_vista_ca_collateral_cruelty_ice_detains_six/", "score": 70, "date": "2026-05-05"}], "kind": "ring"}}, {"type": "Feature", "geometry": {"type": "Point", "coordinates": [-117.0833, 32.64]}, "properties": {"tier": "5", "tier_color": "#9e9e9e", "n_arrests": 1, "county": "Chula Vista", "state": "California", "label": "5: 1 Reddit post", "examples": [{"title": "Chula Vista, CA: Collateral Cruelty, ICE Detains Six in Abandons Dog in Locked Car", "subreddit": "EyesOnIce", "permalink": "https://reddit.com/r/EyesOnIce/comments/1t4ruqg/chula_vista_ca_collateral_cruelty_ice_detains_six/", "score": 70, "date": "2026-05-05"}], "kind": "marker"}}, {"type": "Feature", "geometry": {"type": "Polygon", "coordinates": [[[-98.07432693829168, 26.21544], [-98.07743096213993, 26.243713959712483], [-98.08662374778895, 26.270901367009433], [-98.10155202164161, 26.295957425075304], [-98.12164209850563, 26.317919243650227], [-98.14612192799378, 26.335942842362687], [-98.17405076398727, 26.349335584421926], [-98.20435531698153, 26.35758279426134], [-98.235871, 26.360367536231884], [-98.26738668301847, 26.35758279426134], [-98.29769123601274, 26.349335584421926], [-98.32562007200623, 26.335942842362687], [-98.35009990149437, 26.317919243650227], [-98.3701899783584, 26.295957425075304], [-98.38511825221106, 26.270901367009433], [-98.39431103786008, 26.243713959712483], [-98.39741506170833, 26.21544], [-98.39431103786008, 26.18716604028752], [-98.38511825221106, 26.15997863299057], [-98.3701899783584, 26.134922574924698], [-98.35009990149437, 26.112960756349775], [-98.32562007200623, 26.094937157637315], [-98.29769123601274, 26.081544415578076], [-98.26738668301847, 26.073297205738662], [-98.235871, 26.070512463768118], [-98.20435531698153, 26.073297205738662], [-98.17405076398727, 26.081544415578076], [-98.14612192799378, 26.094937157637315], [-98.12164209850563, 26.112960756349775], [-98.10155202164161, 26.134922574924698], [-98.08662374778895, 26.15997863299057], [-98.07743096213993, 26.18716604028752], [-98.07432693829168, 26.21544]]]}, "properties": {"tier": "5", "tier_color": "#9e9e9e", "n_arrests": 1, "county": "McAllen", "state": "Texas", "label": "5: 1 Reddit post", "examples": [{"title": "ICE DETAINED THEM. KACEY MUSGRAVES INVITED THEM TO OPEN HER SHOWS. \ud83c\udfba\ud83c\udf1f\ud83d\udc80\ud83d\ude24", "subreddit": "u_Historical-Ease-6311", "permalink": "https://reddit.com/r/u_Historical-Ease-6311/comments/1t3hbac/ice_detained_them_kacey_musgraves_invited_them_to/", "score": 1, "date": "2026-05-04"}], "kind": "ring"}}, {"type": "Feature", "geometry": {"type": "Point", "coordinates": [-98.235871, 26.21544]}, "properties": {"tier": "5", "tier_color": "#9e9e9e", "n_arrests": 1, "county": "McAllen", "state": "Texas", "label": "5: 1 Reddit post", "examples": [{"title": "ICE DETAINED THEM. KACEY MUSGRAVES INVITED THEM TO OPEN HER SHOWS. \ud83c\udfba\ud83c\udf1f\ud83d\udc80\ud83d\ude24", "subreddit": "u_Historical-Ease-6311", "permalink": "https://reddit.com/r/u_Historical-Ease-6311/comments/1t3hbac/ice_detained_them_kacey_musgraves_invited_them_to/", "score": 1, "date": "2026-05-04"}], "kind": "marker"}}, {"type": "Feature", "geometry": {"type": "Polygon", "coordinates": [[[-81.48221834894305, 41.4918], [-81.48593604461523, 41.52007395971248], [-81.496946262672, 41.54726136700943], [-81.51482588660802, 41.572317425075305], [-81.53888781250247, 41.59427924365022], [-81.56820735403727, 41.61230284236269], [-81.60165777767386, 41.625695584421926], [-81.6379536023911, 41.63394279426134], [-81.6757, 41.63672753623188], [-81.71344639760892, 41.63394279426134], [-81.74974222232615, 41.625695584421926], [-81.78319264596274, 41.61230284236269], [-81.81251218749755, 41.59427924365022], [-81.83657411339199, 41.572317425075305], [-81.85445373732801, 41.54726136700943], [-81.86546395538478, 41.520073959712484], [-81.86918165105696, 41.4918], [-81.86546395538478, 41.46352604028751], [-81.85445373732801, 41.43633863299056], [-81.83657411339199, 41.41128257492469], [-81.81251218749755, 41.389320756349775], [-81.78319264596274, 41.37129715763731], [-81.74974222232615, 41.35790441557807], [-81.71344639760892, 41.34965720573866], [-81.6757, 41.346872463768115], [-81.6379536023911, 41.34965720573866], [-81.60165777767386, 41.35790441557807], [-81.56820735403727, 41.37129715763731], [-81.53888781250247, 41.389320756349775], [-81.51482588660802, 41.41128257492469], [-81.496946262672, 41.43633863299056], [-81.48593604461523, 41.46352604028751], [-81.48221834894305, 41.4918]]]}, "properties": {"tier": "5", "tier_color": "#9e9e9e", "n_arrests": 1, "county": "Cleveland", "state": "Ohio", "label": "5: 1 Reddit post", "examples": [{"title": "Weekly Syracuse Roundup: Amazon Is Pitching Drone Delivery to CNY", "subreddit": "upstate_new_york", "permalink": "https://reddit.com/r/upstate_new_york/comments/1t3dus6/weekly_syracuse_roundup_amazon_is_pitching_drone/", "score": 2, "date": "2026-05-04"}], "kind": "ring"}}, {"type": "Feature", "geometry": {"type": "Point", "coordinates": [-81.6757, 41.4918]}, "properties": {"tier": "5", "tier_color": "#9e9e9e", "n_arrests": 1, "county": "Cleveland", "state": "Ohio", "label": "5: 1 Reddit post", "examples": [{"title": "Weekly Syracuse Roundup: Amazon Is Pitching Drone Delivery to CNY", "subreddit": "upstate_new_york", "permalink": "https://reddit.com/r/upstate_new_york/comments/1t3dus6/weekly_syracuse_roundup_amazon_is_pitching_drone/", "score": 2, "date": "2026-05-04"}], "kind": "marker"}}, {"type": "Feature", "geometry": {"type": "Polygon", "coordinates": [[[-111.70533309578668, 40.755851], [-111.70900933095831, 40.78412495971248], [-111.71989676081716, 40.811312367009435], [-111.73757698753954, 40.83636842507531], [-111.76137056992768, 40.85833024365022], [-111.79036313395399, 40.87635384236269], [-111.82344051164216, 40.88974658442193], [-111.85933155791764, 40.89799379426134], [-111.896657, 40.90077853623188], [-111.93398244208237, 40.89799379426134], [-111.96987348835785, 40.88974658442193], [-112.00295086604602, 40.87635384236269], [-112.03194343007233, 40.85833024365022], [-112.05573701246047, 40.83636842507531], [-112.07341723918285, 40.811312367009435], [-112.0843046690417, 40.784124959712486], [-112.08798090421332, 40.755851], [-112.0843046690417, 40.727577040287514], [-112.07341723918285, 40.700389632990564], [-112.05573701246047, 40.67533357492469], [-112.03194343007233, 40.65337175634978], [-112.00295086604602, 40.63534815763731], [-111.96987348835785, 40.62195541557807], [-111.93398244208237, 40.61370820573866], [-111.896657, 40.61092346376812], [-111.85933155791764, 40.61370820573866], [-111.82344051164216, 40.62195541557807], [-111.79036313395399, 40.63534815763731], [-111.76137056992768, 40.65337175634978], [-111.73757698753954, 40.67533357492469], [-111.71989676081716, 40.700389632990564], [-111.70900933095831, 40.727577040287514], [-111.70533309578668, 40.755851]]]}, "properties": {"tier": "5", "tier_color": "#9e9e9e", "n_arrests": 1, "county": "Salt Lake City", "state": "Utah", "label": "5: 1 Reddit post", "examples": [{"title": "Wednesday, May 6th at 7pm", "subreddit": "SaltLakeCity", "permalink": "https://reddit.com/r/SaltLakeCity/comments/1t22m64/wednesday_may_6th_at_7pm/", "score": 30, "date": "2026-05-02"}], "kind": "ring"}}, {"type": "Feature", "geometry": {"type": "Point", "coordinates": [-111.896657, 40.755851]}, "properties": {"tier": "5", "tier_color": "#9e9e9e", "n_arrests": 1, "county": "Salt Lake City", "state": "Utah", "label": "5: 1 Reddit post", "examples": [{"title": "Wednesday, May 6th at 7pm", "subreddit": "SaltLakeCity", "permalink": "https://reddit.com/r/SaltLakeCity/comments/1t22m64/wednesday_may_6th_at_7pm/", "score": 30, "date": "2026-05-02"}], "kind": "marker"}}, {"type": "Feature", "geometry": {"type": "Polygon", "coordinates": [[[-70.87230677894141, 42.357603], [-70.8760752700699, 42.385876959712476], [-70.88723592245472, 42.41306436700943], [-70.90535983848366, 42.438120425075304], [-70.92975052622776, 42.46008224365022], [-70.95947066523546, 42.47810584236269], [-70.99337812723194, 42.491498584421926], [-71.0301698674682, 42.49974579426134], [-71.068432, 42.50253053623188], [-71.1066941325318, 42.49974579426134], [-71.14348587276807, 42.491498584421926], [-71.17739333476455, 42.47810584236269], [-71.20711347377224, 42.46008224365022], [-71.23150416151634, 42.438120425075304], [-71.24962807754528, 42.41306436700943], [-71.2607887299301, 42.38587695971248], [-71.2645572210586, 42.357603], [-71.2607887299301, 42.32932904028751], [-71.24962807754528, 42.30214163299056], [-71.23150416151634, 42.27708557492469], [-71.20711347377224, 42.255123756349775], [-71.17739333476455, 42.23710015763731], [-71.14348587276807, 42.22370741557807], [-71.1066941325318, 42.21546020573866], [-71.068432, 42.212675463768115], [-71.0301698674682, 42.21546020573866], [-70.99337812723194, 42.22370741557807], [-70.95947066523546, 42.23710015763731], [-70.92975052622776, 42.255123756349775], [-70.90535983848366, 42.27708557492469], [-70.88723592245472, 42.30214163299056], [-70.8760752700699, 42.32932904028751], [-70.87230677894141, 42.357603]]]}, "properties": {"tier": "5", "tier_color": "#9e9e9e", "n_arrests": 1, "county": "Boston", "state": "Massachusetts", "label": "5: 1 Reddit post", "examples": [{"title": "'To Boston Police Dept. From: ICE:\u2019 Late-night faxes pressing BPD to turn people over", "subreddit": "UnderReportedNews", "permalink": "https://reddit.com/r/UnderReportedNews/comments/1t1dh92/to_boston_police_dept_from_ice_latenight_faxes/", "score": 21, "date": "2026-05-02"}], "kind": "ring"}}, {"type": "Feature", "geometry": {"type": "Point", "coordinates": [-71.068432, 42.357603]}, "properties": {"tier": "5", "tier_color": "#9e9e9e", "n_arrests": 1, "county": "Boston", "state": "Massachusetts", "label": "5: 1 Reddit post", "examples": [{"title": "'To Boston Police Dept. From: ICE:\u2019 Late-night faxes pressing BPD to turn people over", "subreddit": "UnderReportedNews", "permalink": "https://reddit.com/r/UnderReportedNews/comments/1t1dh92/to_boston_police_dept_from_ice_latenight_faxes/", "score": 21, "date": "2026-05-02"}], "kind": "marker"}}, {"type": "Feature", "geometry": {"type": "Polygon", "coordinates": [[[-76.90700683316877, 38.887103], [-76.9105844250161, 38.91537695971248], [-76.92117971570975, 38.94256436700944], [-76.9383855341703, 38.96762042507531], [-76.96154067044338, 38.989582243650226], [-76.98975528562761, 39.00760584236269], [-77.02194510788439, 39.02099858442193], [-77.05687310039666, 39.02924579426134], [-77.093197, 39.032030536231886], [-77.12952089960335, 39.02924579426134], [-77.16444889211562, 39.02099858442193], [-77.1966387143724, 39.00760584236269], [-77.22485332955662, 38.989582243650226], [-77.24800846582971, 38.96762042507531], [-77.26521428429025, 38.94256436700944], [-77.27580957498391, 38.91537695971249], [-77.27938716683124, 38.887103], [-77.27580957498391, 38.85882904028752], [-77.26521428429025, 38.83164163299057], [-77.24800846582971, 38.806585574924696], [-77.22485332955662, 38.78462375634978], [-77.1966387143724, 38.76660015763731], [-77.16444889211562, 38.753207415578075], [-77.12952089960335, 38.744960205738664], [-77.093197, 38.74217546376812], [-77.05687310039666, 38.744960205738664], [-77.02194510788439, 38.753207415578075], [-76.98975528562761, 38.76660015763731], [-76.96154067044338, 38.78462375634978], [-76.9383855341703, 38.806585574924696], [-76.92117971570975, 38.83164163299057], [-76.9105844250161, 38.85882904028752], [-76.90700683316877, 38.887103]]]}, "properties": {"tier": "5", "tier_color": "#9e9e9e", "n_arrests": 1, "county": "Arlington", "state": "Virginia", "label": "5: 1 Reddit post", "examples": [{"title": "Police caught the parking lot jewelry thieves", "subreddit": "nova", "permalink": "https://reddit.com/r/nova/comments/1sts4mj/police_caught_the_parking_lot_jewelry_thieves/", "score": 44, "date": "2026-04-23"}], "kind": "ring"}}, {"type": "Feature", "geometry": {"type": "Point", "coordinates": [-77.093197, 38.887103]}, "properties": {"tier": "5", "tier_color": "#9e9e9e", "n_arrests": 1, "county": "Arlington", "state": "Virginia", "label": "5: 1 Reddit post", "examples": [{"title": "Police caught the parking lot jewelry thieves", "subreddit": "nova", "permalink": "https://reddit.com/r/nova/comments/1sts4mj/police_caught_the_parking_lot_jewelry_thieves/", "score": 44, "date": "2026-04-23"}], "kind": "marker"}}, {"type": "Feature", "geometry": {"type": "Polygon", "coordinates": [[[-77.287235303847, 37.453158], [-77.2907431948624, 37.48143195971248], [-77.30113206162416, 37.50861936700944], [-77.31800266580875, 37.53367542507531], [-77.34070667955851, 37.555637243650224], [-77.36837160035759, 37.57366084236269], [-77.39993428081434, 37.58705358442193], [-77.43418178481937, 37.59530079426134], [-77.469798, 37.598085536231885], [-77.50541421518062, 37.59530079426134], [-77.53966171918566, 37.58705358442193], [-77.5712243996424, 37.57366084236269], [-77.59888932044149, 37.555637243650224], [-77.62159333419125, 37.53367542507531], [-77.63846393837584, 37.50861936700944], [-77.6488528051376, 37.48143195971249], [-77.652360696153, 37.453158], [-77.6488528051376, 37.424884040287516], [-77.63846393837584, 37.39769663299057], [-77.62159333419125, 37.372640574924695], [-77.59888932044149, 37.35067875634978], [-77.5712243996424, 37.33265515763731], [-77.53966171918566, 37.31926241557807], [-77.50541421518062, 37.31101520573866], [-77.469798, 37.30823046376812], [-77.43418178481937, 37.31101520573866], [-77.39993428081434, 37.31926241557807], [-77.36837160035759, 37.33265515763731], [-77.34070667955851, 37.35067875634978], [-77.31800266580875, 37.372640574924695], [-77.30113206162416, 37.39769663299057], [-77.2907431948624, 37.424884040287516], [-77.287235303847, 37.453158]]]}, "properties": {"tier": "5", "tier_color": "#9e9e9e", "n_arrests": 1, "county": "Richmond", "state": "Virginia", "label": "5: 1 Reddit post", "examples": [{"title": "Happening every Sunday morning - The Assembly of Joyful Resistance, where democracy meets hypocrisy, at the intersection of Snelling and Summit, Cities Church.", "subreddit": "WeThePeopleAtWhipple", "permalink": "https://reddit.com/r/WeThePeopleAtWhipple/comments/1thct4g/happening_every_sunday_morning_the_assembly_of/", "score": 27, "date": "2026-05-19"}], "kind": "ring"}}, {"type": "Feature", "geometry": {"type": "Point", "coordinates": [-77.469798, 37.453158]}, "properties": {"tier": "5", "tier_color": "#9e9e9e", "n_arrests": 1, "county": "Richmond", "state": "Virginia", "label": "5: 1 Reddit post", "examples": [{"title": "Happening every Sunday morning - The Assembly of Joyful Resistance, where democracy meets hypocrisy, at the intersection of Snelling and Summit, Cities Church.", "subreddit": "WeThePeopleAtWhipple", "permalink": "https://reddit.com/r/WeThePeopleAtWhipple/comments/1thct4g/happening_every_sunday_morning_the_assembly_of/", "score": 27, "date": "2026-05-19"}], "kind": "marker"}}, {"type": "Feature", "geometry": {"type": "Polygon", "coordinates": [[[-118.11472314091492, 34.171606], [-118.11808896142432, 34.199879959712476], [-118.12805707635793, 34.22706736700943], [-118.14424441664904, 34.252123425075304], [-118.16602891188823, 34.27408524365022], [-118.19257339614032, 34.29210884236269], [-118.22285777976184, 34.305501584421926], [-118.25571825087388, 34.313748794261336], [-118.289892, 34.31653353623188], [-118.3240657491261, 34.313748794261336], [-118.35692622023815, 34.305501584421926], [-118.38721060385967, 34.29210884236269], [-118.41375508811176, 34.27408524365022], [-118.43553958335094, 34.252123425075304], [-118.45172692364206, 34.22706736700943], [-118.46169503857567, 34.19987995971248], [-118.46506085908507, 34.171606], [-118.46169503857567, 34.14333204028751], [-118.45172692364206, 34.11614463299056], [-118.43553958335094, 34.09108857492469], [-118.41375508811176, 34.069126756349775], [-118.38721060385967, 34.05110315763731], [-118.35692622023815, 34.03771041557807], [-118.3240657491261, 34.02946320573866], [-118.289892, 34.026678463768114], [-118.25571825087388, 34.02946320573866], [-118.22285777976184, 34.03771041557807], [-118.19257339614032, 34.05110315763731], [-118.16602891188823, 34.069126756349775], [-118.14424441664904, 34.09108857492469], [-118.12805707635793, 34.11614463299056], [-118.11808896142432, 34.14333204028751], [-118.11472314091492, 34.171606]]]}, "properties": {"tier": "5", "tier_color": "#9e9e9e", "n_arrests": 1, "county": "Glendale", "state": "California", "label": "5: 1 Reddit post", "examples": [{"title": "agent spotted in SFV", "subreddit": "SFV", "permalink": "https://reddit.com/r/SFV/comments/1tgs4g7/agent_spotted_in_sfv/", "score": 184, "date": "2026-05-18"}], "kind": "ring"}}, {"type": "Feature", "geometry": {"type": "Point", "coordinates": [-118.289892, 34.171606]}, "properties": {"tier": "5", "tier_color": "#9e9e9e", "n_arrests": 1, "county": "Glendale", "state": "California", "label": "5: 1 Reddit post", "examples": [{"title": "agent spotted in SFV", "subreddit": "SFV", "permalink": "https://reddit.com/r/SFV/comments/1tgs4g7/agent_spotted_in_sfv/", "score": 184, "date": "2026-05-18"}], "kind": "marker"}}, {"type": "Feature", "geometry": {"type": "Polygon", "coordinates": [[[-72.49120093472742, 41.7636], [-72.49493433678454, 41.791873959712476], [-72.50599107040858, 41.81906136700943], [-72.52394623152706, 41.844117425075304], [-72.54810981336755, 41.86607924365022], [-72.57755322303102, 41.88410284236269], [-72.61114496679616, 41.897495584421925], [-72.64759413278854, 41.905742794261336], [-72.6855, 41.90852753623188], [-72.72340586721147, 41.905742794261336], [-72.75985503320385, 41.897495584421925], [-72.79344677696899, 41.88410284236269], [-72.82289018663246, 41.86607924365022], [-72.84705376847295, 41.844117425075304], [-72.86500892959143, 41.81906136700943], [-72.87606566321547, 41.79187395971248], [-72.87979906527259, 41.7636], [-72.87606566321547, 41.73532604028751], [-72.86500892959143, 41.70813863299056], [-72.84705376847295, 41.68308257492469], [-72.82289018663246, 41.661120756349774], [-72.79344677696899, 41.64309715763731], [-72.75985503320385, 41.62970441557807], [-72.72340586721147, 41.62145720573866], [-72.6855, 41.618672463768114], [-72.64759413278854, 41.62145720573866], [-72.61114496679616, 41.62970441557807], [-72.57755322303102, 41.64309715763731], [-72.54810981336755, 41.661120756349774], [-72.52394623152706, 41.68308257492469], [-72.50599107040858, 41.70813863299056], [-72.49493433678454, 41.73532604028751], [-72.49120093472742, 41.7636]]]}, "properties": {"tier": "5", "tier_color": "#9e9e9e", "n_arrests": 1, "county": "Hartford", "state": "Connecticut", "label": "5: 1 Reddit post", "examples": [{"title": "Trump officials hire \u2018deportation judges\u2019 with less training, experience", "subreddit": "WhatTrumpHasDone", "permalink": "https://reddit.com/r/WhatTrumpHasDone/comments/1sxs2dq/trump_officials_hire_deportation_judges_with_less/", "score": 5, "date": "2026-04-28"}], "kind": "ring"}}, {"type": "Feature", "geometry": {"type": "Point", "coordinates": [-72.6855, 41.7636]}, "properties": {"tier": "5", "tier_color": "#9e9e9e", "n_arrests": 1, "county": "Hartford", "state": "Connecticut", "label": "5: 1 Reddit post", "examples": [{"title": "Trump officials hire \u2018deportation judges\u2019 with less training, experience", "subreddit": "WhatTrumpHasDone", "permalink": "https://reddit.com/r/WhatTrumpHasDone/comments/1sxs2dq/trump_officials_hire_deportation_judges_with_less/", "score": 5, "date": "2026-04-28"}], "kind": "marker"}}]}